[
  {
    "model": "auth.user",
    "pk": 1,
    "fields": {
      "password": "pbkdf2_sha256$600000$KJOikQqLJJCSJj8UoA1HzG$q3huzRel+it0N1bmQ9/u36TA2wb8Tdbx10XDtY+xGXo=",
      "last_login": "2023-08-17T09:20:06.165Z",
      "is_superuser": true,
      "username": "admin",
      "first_name": "",
      "last_name": "",
      "email": "",
      "is_staff": true,
      "is_active": true,
      "date_joined": "2023-05-04T08:57:28.953Z",
      "groups": [],
      "user_permissions": []
    }
  },
  {
    "model": "auth.user",
    "pk": 2,
    "fields": {
      "password": "pbkdf2_sha256$600000$ZpWNIvMxXb9YM18QjfiX90$jr9PHrbfYRlXFHKeBZftSn1jnw45q+UfAyRSlWGLFfU=",
      "last_login": null,
      "is_superuser": true,
      "username": "jntc-admin",
      "first_name": "",
      "last_name": "",
      "email": "",
      "is_staff": true,
      "is_active": true,
      "date_joined": "2023-08-17T10:41:08.378Z",
      "groups": [],
      "user_permissions": []
    }
  },
  { "model": "alumni.genderchoice", "pk": 1, "fields": { "title": "Male" } },
  { "model": "alumni.genderchoice", "pk": 2, "fields": { "title": "Female" } },
  {
    "model": "alumni.maritalstatuschoice",
    "pk": 1,
    "fields": { "title": "Single" }
  },
  {
    "model": "alumni.maritalstatuschoice",
    "pk": 2,
    "fields": { "title": "Married" }
  },
  {
    "model": "alumni.maritalstatuschoice",
    "pk": 3,
    "fields": { "title": "Widowed" }
  },
  {
    "model": "alumni.maritalstatuschoice",
    "pk": 4,
    "fields": { "title": "Divorced" }
  },
  {
    "model": "alumni.bedsubjectchoice",
    "pk": 1,
    "fields": { "title": "Arabic" }
  },
  {
    "model": "alumni.bedsubjectchoice",
    "pk": 2,
    "fields": { "title": "English" }
  },
  {
    "model": "alumni.bedsubjectchoice",
    "pk": 3,
    "fields": { "title": "Malayalam" }
  },
  {
    "model": "alumni.bedsubjectchoice",
    "pk": 4,
    "fields": { "title": "Natural Science" }
  },
  {
    "model": "alumni.bedsubjectchoice",
    "pk": 5,
    "fields": { "title": "Physical Science" }
  },
  {
    "model": "alumni.bedsubjectchoice",
    "pk": 6,
    "fields": { "title": "Social Science" }
  },
  {
    "model": "alumni.yearofstudychoice",
    "pk": 57,
    "fields": { "title": "1995-1996" }
  },
  {
    "model": "alumni.yearofstudychoice",
    "pk": 58,
    "fields": { "title": "1996-1997" }
  },
  {
    "model": "alumni.yearofstudychoice",
    "pk": 59,
    "fields": { "title": "1997-1998" }
  },
  {
    "model": "alumni.yearofstudychoice",
    "pk": 60,
    "fields": { "title": "1998-1999" }
  },
  {
    "model": "alumni.yearofstudychoice",
    "pk": 61,
    "fields": { "title": "1999-2000" }
  },
  {
    "model": "alumni.yearofstudychoice",
    "pk": 62,
    "fields": { "title": "2000-2001" }
  },
  {
    "model": "alumni.yearofstudychoice",
    "pk": 63,
    "fields": { "title": "2001-2002" }
  },
  {
    "model": "alumni.yearofstudychoice",
    "pk": 64,
    "fields": { "title": "2002-2003" }
  },
  {
    "model": "alumni.yearofstudychoice",
    "pk": 65,
    "fields": { "title": "2003-2004" }
  },
  {
    "model": "alumni.yearofstudychoice",
    "pk": 66,
    "fields": { "title": "2004-2005" }
  },
  {
    "model": "alumni.yearofstudychoice",
    "pk": 67,
    "fields": { "title": "2005-2006" }
  },
  {
    "model": "alumni.yearofstudychoice",
    "pk": 68,
    "fields": { "title": "2006-2007" }
  },
  {
    "model": "alumni.yearofstudychoice",
    "pk": 69,
    "fields": { "title": "2007-2008" }
  },
  {
    "model": "alumni.yearofstudychoice",
    "pk": 70,
    "fields": { "title": "2008-2009" }
  },
  {
    "model": "alumni.yearofstudychoice",
    "pk": 71,
    "fields": { "title": "2009-2010" }
  },
  {
    "model": "alumni.yearofstudychoice",
    "pk": 72,
    "fields": { "title": "2010-2011" }
  },
  {
    "model": "alumni.yearofstudychoice",
    "pk": 73,
    "fields": { "title": "2011-2012" }
  },
  {
    "model": "alumni.yearofstudychoice",
    "pk": 74,
    "fields": { "title": "2012-2013" }
  },
  {
    "model": "alumni.yearofstudychoice",
    "pk": 75,
    "fields": { "title": "2013-2014" }
  },
  {
    "model": "alumni.yearofstudychoice",
    "pk": 76,
    "fields": { "title": "2014-2016" }
  },
  {
    "model": "alumni.yearofstudychoice",
    "pk": 77,
    "fields": { "title": "2015-2017" }
  },
  {
    "model": "alumni.yearofstudychoice",
    "pk": 78,
    "fields": { "title": "2016-2018" }
  },
  {
    "model": "alumni.yearofstudychoice",
    "pk": 79,
    "fields": { "title": "2017-2019" }
  },
  {
    "model": "alumni.yearofstudychoice",
    "pk": 80,
    "fields": { "title": "2018-2020" }
  },
  {
    "model": "alumni.yearofstudychoice",
    "pk": 81,
    "fields": { "title": "2019-2021" }
  },
  {
    "model": "alumni.yearofstudychoice",
    "pk": 82,
    "fields": { "title": "2020-2022" }
  },
  {
    "model": "alumni.yearofstudychoice",
    "pk": 83,
    "fields": { "title": "2021-2023" }
  },
  {
    "model": "alumni.educationalstatuschoice",
    "pk": 1,
    "fields": { "title": "B.ed" }
  },
  {
    "model": "alumni.educationalstatuschoice",
    "pk": 2,
    "fields": { "title": "sample" }
  },
  {
    "model": "alumni.alumninetworkregistration",
    "pk": "abf56990-734a-4ec8-8fea-9d6d4f8c8287",
    "fields": {
      "first_name": "Abhishek",
      "last_name": "Ruby",
      "gender": 2,
      "marital_status": 2,
      "phone_number": "9727851561",
      "email": "abhishekruby94@gmail.com",
      "address": "A-105 Alishan complex chogan sheri sagrampura",
      "image": "",
      "b_ed_subject": 4,
      "year_of_study": 77,
      "educational_status": 1,
      "jntc_period": "",
      "suggestion": "",
      "date": "2023-07-31",
      "is_verified": false,
      "is_deleted": false
    }
  },
  {
    "model": "alumni.alumnispotlight",
    "pk": 1,
    "fields": {
      "title": "Alumni",
      "sub_title": "JNTC Alumni Association: Connecting Past, Present, and Future",
      "image": "alumni/spotlight/image/test.jpg"
    }
  },
  {
    "model": "alumni.aboutouralumninetwork",
    "pk": 1,
    "fields": {
      "title": "About Our Alumni Network",
      "highlight_word": "Alumni Network",
      "description": "Jamia Nadwiyya Training College has produced notable alumni, including former ministers, MPs, social activists, and academic leaders who have contributed to the development of society.",
      "image": "alumni/about_our/image/vision.png"
    }
  },
  {
    "model": "alumni.alumniactivity",
    "pk": "01dec55f-5b0d-41ee-99f1-ffa7f61fd762",
    "fields": {
      "title": "Networking events",
      "sub_title": "\"Reunite and Celebrate: Join Us for Our Long-Awaited Reunion Event!\"",
      "description": "An opportunity for alumni to meet and connect with each other and potential employers or industry leaders",
      "date": "2023-06-21",
      "is_deleted": false
    }
  },
  {
    "model": "alumni.alumniactivity",
    "pk": "0e673bee-8a6c-4215-adfb-aa4165ad8f96",
    "fields": {
      "title": "Fundraising campaign",
      "sub_title": "\"Reunite and Celebrate: Join Us for Our Long-Awaited Reunion Event!\"",
      "description": "An opportunity for alumni to meet and connect with each other and potential employers or industry leaders",
      "date": "2023-06-21",
      "is_deleted": false
    }
  },
  {
    "model": "alumni.alumniactivity",
    "pk": "132452ed-7ad0-4b60-a2ae-eced442a5ca9",
    "fields": {
      "title": "Career services",
      "sub_title": "\"Reunite and Celebrate: Join Us for Our Long-Awaited Reunion Event!\"",
      "description": "Alumni may be offered career development resources such as job postings, resume reviews, and mentoring programs",
      "date": "2022-07-11",
      "is_deleted": false
    }
  },
  {
    "model": "alumni.alumniactivity",
    "pk": "15eafd76-89bb-4122-bd37-845d5405db02",
    "fields": {
      "title": "Athletic event",
      "sub_title": "\"Reunite and Celebrate: Join Us for Our Long-Awaited Reunion Event!\"",
      "description": "An opportunity for alumni to meet and connect with each other and potential employers or industry leaders",
      "date": "2023-06-21",
      "is_deleted": false
    }
  },
  {
    "model": "alumni.alumniactivity",
    "pk": "2e14a12a-208d-4c43-add4-fea9385942d1",
    "fields": {
      "title": "Cultural event",
      "sub_title": "\"Reunite and Celebrate: Join Us for Our Long-Awaited Reunion Event!\"",
      "description": "Alumni may be offered career development resources such as job postings, resume reviews, and mentoring programs",
      "date": "2023-06-21",
      "is_deleted": false
    }
  },
  {
    "model": "alumni.alumniactivity",
    "pk": "30bcfc52-989f-4ae4-b5e4-8e3e00bf3bea",
    "fields": {
      "title": "Seminar",
      "sub_title": "\"Reunite and Celebrate: Join Us for Our Long-Awaited Reunion Event!\"",
      "description": "A gathering of former classmates or graduates, often organized on a regular basis, such as annually or every five years",
      "date": "2023-06-21",
      "is_deleted": false
    }
  },
  {
    "model": "alumni.alumniactivity",
    "pk": "3b4f1f56-faab-42c8-90ca-9bea3a716f86",
    "fields": {
      "title": "Seminar",
      "sub_title": "\"Reunite and Celebrate: Join Us for Our Long-Awaited Reunion Event!\"",
      "description": "A gathering of former classmates or graduates, often organized on a regular basis, such as annually or every five years",
      "date": "2022-11-22",
      "is_deleted": false
    }
  },
  {
    "model": "alumni.alumniactivity",
    "pk": "449a14b5-587e-4aae-a7fe-ab345ec01395",
    "fields": {
      "title": "Fundraising campaign",
      "sub_title": "\"Reunite and Celebrate: Join Us for Our Long-Awaited Reunion Event!\"",
      "description": "An opportunity for alumni to meet and connect with each other and potential employers or industry leaders",
      "date": "2023-06-21",
      "is_deleted": false
    }
  },
  {
    "model": "alumni.alumniactivity",
    "pk": "4adbb101-0772-45cc-8e6a-e24d2d85a5b5",
    "fields": {
      "title": "Webinar",
      "sub_title": "\"Reunite and Celebrate: Join Us for Our Long-Awaited Reunion Event!\"",
      "description": "Alumni may be offered career development resources such as job postings, resume reviews, and mentoring programs",
      "date": "2023-06-21",
      "is_deleted": false
    }
  },
  {
    "model": "alumni.alumniactivity",
    "pk": "4bb89922-485e-4749-ab22-c9d698ab13ba",
    "fields": {
      "title": "Reunion",
      "sub_title": "\"Reunite and Celebrate: Join Us for Our Long-Awaited Reunion Event!\"",
      "description": "A gathering of former classmates or graduates, often organized on a regular basis, such as annually or every five years",
      "date": "2023-06-21",
      "is_deleted": false
    }
  },
  {
    "model": "alumni.alumniactivity",
    "pk": "4d6d501a-c8d3-46dc-a533-9c2285ca0856",
    "fields": {
      "title": "Reunion",
      "sub_title": "\"Reunite and Celebrate: Join Us for Our Long-Awaited Reunion Event!\"",
      "description": "A gathering of former classmates or graduates, often organized on a regular basis, such as annually or every five years",
      "date": "2022-12-08",
      "is_deleted": false
    }
  },
  {
    "model": "alumni.alumniactivity",
    "pk": "4dde0d22-ae36-414a-b2b9-0cbac2148775",
    "fields": {
      "title": "Career services",
      "sub_title": "\"Reunite and Celebrate: Join Us for Our Long-Awaited Reunion Event!\"",
      "description": "Alumni may be offered career development resources such as job postings, resume reviews, and mentoring programs",
      "date": "2023-06-21",
      "is_deleted": false
    }
  },
  {
    "model": "alumni.alumniactivity",
    "pk": "509a6135-5237-4043-bbe8-a5cb2cb55965",
    "fields": {
      "title": "Networking events",
      "sub_title": "\"Reunite and Celebrate: Join Us for Our Long-Awaited Reunion Event!\"",
      "description": "An opportunity for alumni to meet and connect with each other and potential employers or industry leaders",
      "date": "2023-06-21",
      "is_deleted": false
    }
  },
  {
    "model": "alumni.alumniactivity",
    "pk": "5c4a58a7-bc22-4dbf-aa93-1a754dc10615",
    "fields": {
      "title": "Webinar",
      "sub_title": "\"Reunite and Celebrate: Join Us for Our Long-Awaited Reunion Event!\"",
      "description": "Alumni may be offered career development resources such as job postings, resume reviews, and mentoring programs",
      "date": "2023-06-21",
      "is_deleted": false
    }
  },
  {
    "model": "alumni.alumniactivity",
    "pk": "5e9669ef-5031-4175-98fe-ef2352a93465",
    "fields": {
      "title": "Workshop",
      "sub_title": "\"Reunite and Celebrate: Join Us for Our Long-Awaited Reunion Event!\"",
      "description": "A gathering of former classmates or graduates, often organized on a regular basis, such as annually or every five years",
      "date": "2023-06-21",
      "is_deleted": false
    }
  },
  {
    "model": "alumni.alumniactivity",
    "pk": "95d859fb-a2ba-4bae-8bc2-09df71f4ad37",
    "fields": {
      "title": "Workshop",
      "sub_title": "\"Reunite and Celebrate: Join Us for Our Long-Awaited Reunion Event!\"",
      "description": "A gathering of former classmates or graduates, often organized on a regular basis, such as annually or every five years",
      "date": "2023-06-21",
      "is_deleted": false
    }
  },
  {
    "model": "alumni.alumniactivity",
    "pk": "961e0172-1911-4989-8181-ff9ccf01c0b3",
    "fields": {
      "title": "Seminar",
      "sub_title": "\"Reunite and Celebrate: Join Us for Our Long-Awaited Reunion Event!\"",
      "description": "A gathering of former classmates or graduates, often organized on a regular basis, such as annually or every five years",
      "date": "2023-06-21",
      "is_deleted": false
    }
  },
  {
    "model": "alumni.alumniactivity",
    "pk": "968cd390-f262-4776-b104-4cdec53876ed",
    "fields": {
      "title": "Reunion",
      "sub_title": "\"Reunite and Celebrate: Join Us for Our Long-Awaited Reunion Event!\"",
      "description": "A gathering of former classmates or graduates, often organized on a regular basis, such as annually or every five years",
      "date": "2023-06-21",
      "is_deleted": false
    }
  },
  {
    "model": "alumni.alumniactivity",
    "pk": "97178f24-b563-42f5-b39d-28f4300fdc6c",
    "fields": {
      "title": "Workshop",
      "sub_title": "\"Reunite and Celebrate: Join Us for Our Long-Awaited Reunion Event!\"",
      "description": "A gathering of former classmates or graduates, often organized on a regular basis, such as annually or every five years",
      "date": "2023-01-09",
      "is_deleted": false
    }
  },
  {
    "model": "alumni.alumniactivity",
    "pk": "a534b38b-7d60-4cb7-9885-dc0c4c8a2323",
    "fields": {
      "title": "Athletic event",
      "sub_title": "\"Reunite and Celebrate: Join Us for Our Long-Awaited Reunion Event!\"",
      "description": "An opportunity for alumni to meet and connect with each other and potential employers or industry leaders",
      "date": "2023-06-21",
      "is_deleted": false
    }
  },
  {
    "model": "alumni.alumniactivity",
    "pk": "a6d10d5a-a4e4-40cf-8ecd-288173434847",
    "fields": {
      "title": "Cultural event",
      "sub_title": "\"Reunite and Celebrate: Join Us for Our Long-Awaited Reunion Event!\"",
      "description": "Alumni may be offered career development resources such as job postings, resume reviews, and mentoring programs",
      "date": "2023-06-21",
      "is_deleted": false
    }
  },
  {
    "model": "alumni.alumniactivity",
    "pk": "acba227b-8a02-45b3-9d0d-ccf47cef2068",
    "fields": {
      "title": "Cultural event",
      "sub_title": "\"Reunite and Celebrate: Join Us for Our Long-Awaited Reunion Event!\"",
      "description": "Alumni may be offered career development resources such as job postings, resume reviews, and mentoring programs",
      "date": "2022-12-27",
      "is_deleted": false
    }
  },
  {
    "model": "alumni.alumniactivity",
    "pk": "adf613c2-5e43-46af-a8f3-d20a889b7317",
    "fields": {
      "title": "Webinar",
      "sub_title": "\"Reunite and Celebrate: Join Us for Our Long-Awaited Reunion Event!\"",
      "description": "Alumni may be offered career development resources such as job postings, resume reviews, and mentoring programs",
      "date": "2023-06-21",
      "is_deleted": false
    }
  },
  {
    "model": "alumni.alumniactivity",
    "pk": "b09151bc-c2af-46fe-91fd-8ea27e010848",
    "fields": {
      "title": "Reunion",
      "sub_title": "\"Reunite and Celebrate: Join Us for Our Long-Awaited Reunion Event!\"",
      "description": "A gathering of former classmates or graduates, often organized on a regular basis, such as annually or every five years",
      "date": "2023-06-21",
      "is_deleted": false
    }
  },
  {
    "model": "alumni.alumniactivity",
    "pk": "b6fc99b1-ddb8-4a37-88a6-62b4d2e30c09",
    "fields": {
      "title": "Networking events",
      "sub_title": "\"Reunite and Celebrate: Join Us for Our Long-Awaited Reunion Event!\"",
      "description": "An opportunity for alumni to meet and connect with each other and potential employers or industry leaders",
      "date": "2023-03-21",
      "is_deleted": false
    }
  },
  {
    "model": "alumni.alumniactivity",
    "pk": "b89b3e8e-e27b-496e-bc85-a20647c0dd5e",
    "fields": {
      "title": "Seminar",
      "sub_title": "\"Reunite and Celebrate: Join Us for Our Long-Awaited Reunion Event!\"",
      "description": "A gathering of former classmates or graduates, often organized on a regular basis, such as annually or every five years",
      "date": "2023-06-21",
      "is_deleted": false
    }
  },
  {
    "model": "alumni.alumniactivity",
    "pk": "b9de9f1f-3316-4c1e-939d-7c32e976f2b7",
    "fields": {
      "title": "Athletic event",
      "sub_title": "\"Reunite and Celebrate: Join Us for Our Long-Awaited Reunion Event!\"",
      "description": "An opportunity for alumni to meet and connect with each other and potential employers or industry leaders",
      "date": "2023-01-16",
      "is_deleted": false
    }
  },
  {
    "model": "alumni.alumniactivity",
    "pk": "cf771a5c-f83e-4e0b-b0ea-d327184c8c36",
    "fields": {
      "title": "Career services",
      "sub_title": "\"Reunite and Celebrate: Join Us for Our Long-Awaited Reunion Event!\"",
      "description": "Alumni may be offered career development resources such as job postings, resume reviews, and mentoring programs",
      "date": "2023-06-21",
      "is_deleted": false
    }
  },
  {
    "model": "alumni.alumniactivity",
    "pk": "d979cce1-1a5e-4ff2-b0b5-542db67ab25b",
    "fields": {
      "title": "Athletic event",
      "sub_title": "\"Reunite and Celebrate: Join Us for Our Long-Awaited Reunion Event!\"",
      "description": "An opportunity for alumni to meet and connect with each other and potential employers or industry leaders",
      "date": "2023-06-21",
      "is_deleted": false
    }
  },
  {
    "model": "alumni.alumniactivity",
    "pk": "dba7af96-6db8-4f5a-b389-7502b156c25a",
    "fields": {
      "title": "Fundraising campaign",
      "sub_title": "\"Reunite and Celebrate: Join Us for Our Long-Awaited Reunion Event!\"",
      "description": "An opportunity for alumni to meet and connect with each other and potential employers or industry leaders",
      "date": "2023-06-21",
      "is_deleted": false
    }
  },
  {
    "model": "alumni.alumniactivity",
    "pk": "e3a95a67-4803-4970-a2ac-bb6e8a6a408f",
    "fields": {
      "title": "Webinar",
      "sub_title": "\"Reunite and Celebrate: Join Us for Our Long-Awaited Reunion Event!\"",
      "description": "Alumni may be offered career development resources such as job postings, resume reviews, and mentoring programs",
      "date": "2023-03-21",
      "is_deleted": false
    }
  },
  {
    "model": "alumni.alumniactivity",
    "pk": "e502a78e-5cf6-4e3d-ad5e-16a4c94bd219",
    "fields": {
      "title": "Cultural event",
      "sub_title": "\"Reunite and Celebrate: Join Us for Our Long-Awaited Reunion Event!\"",
      "description": "Alumni may be offered career development resources such as job postings, resume reviews, and mentoring programs",
      "date": "2023-06-21",
      "is_deleted": false
    }
  },
  {
    "model": "alumni.alumniactivity",
    "pk": "e9c1c630-87a6-4559-8da6-c737dfe595a0",
    "fields": {
      "title": "Fundraising campaign",
      "sub_title": "\"Reunite and Celebrate: Join Us for Our Long-Awaited Reunion Event!\"",
      "description": "An opportunity for alumni to meet and connect with each other and potential employers or industry leaders",
      "date": "2021-06-14",
      "is_deleted": false
    }
  },
  {
    "model": "alumni.alumniactivity",
    "pk": "ed30792a-fa48-44d7-b9ed-35ea2738167f",
    "fields": {
      "title": "Career services",
      "sub_title": "\"Reunite and Celebrate: Join Us for Our Long-Awaited Reunion Event!\"",
      "description": "Alumni may be offered career development resources such as job postings, resume reviews, and mentoring programs",
      "date": "2023-06-21",
      "is_deleted": false
    }
  },
  {
    "model": "alumni.alumniactivity",
    "pk": "f5cf7204-f262-48b3-88f9-f84dda27ef24",
    "fields": {
      "title": "Networking events",
      "sub_title": "\"Reunite and Celebrate: Join Us for Our Long-Awaited Reunion Event!\"",
      "description": "An opportunity for alumni to meet and connect with each other and potential employers or industry leaders",
      "date": "2023-06-21",
      "is_deleted": false
    }
  },
  {
    "model": "alumni.alumniactivity",
    "pk": "f64b5c55-346c-400c-89d7-9539a6bf14d5",
    "fields": {
      "title": "Workshop",
      "sub_title": "\"Reunite and Celebrate: Join Us for Our Long-Awaited Reunion Event!\"",
      "description": "A gathering of former classmates or graduates, often organized on a regular basis, such as annually or every five years",
      "date": "2023-06-21",
      "is_deleted": false
    }
  },
  {
    "model": "alumni.activitygallery",
    "pk": 1,
    "fields": {
      "activity": "4d6d501a-c8d3-46dc-a533-9c2285ca0856",
      "image": "alumni/activities/image/Rectangle_33_xokRWH8.png"
    }
  },
  {
    "model": "alumni.activitygallery",
    "pk": 2,
    "fields": {
      "activity": "4d6d501a-c8d3-46dc-a533-9c2285ca0856",
      "image": "alumni/activities/image/Rectangle_33_2_n45Hz0K.png"
    }
  },
  {
    "model": "alumni.activitygallery",
    "pk": 3,
    "fields": {
      "activity": "4d6d501a-c8d3-46dc-a533-9c2285ca0856",
      "image": "alumni/activities/image/Rectangle_33_1_gfJiwWp.png"
    }
  },
  {
    "model": "alumni.activitygallery",
    "pk": 4,
    "fields": {
      "activity": "b6fc99b1-ddb8-4a37-88a6-62b4d2e30c09",
      "image": "alumni/activities/image/history.png"
    }
  },
  {
    "model": "alumni.activitygallery",
    "pk": 5,
    "fields": {
      "activity": "b6fc99b1-ddb8-4a37-88a6-62b4d2e30c09",
      "image": "alumni/activities/image/vision.png"
    }
  },
  {
    "model": "alumni.activitygallery",
    "pk": 6,
    "fields": {
      "activity": "b6fc99b1-ddb8-4a37-88a6-62b4d2e30c09",
      "image": "alumni/activities/image/Rectangle_28.png"
    }
  },
  {
    "model": "alumni.activitygallery",
    "pk": 7,
    "fields": {
      "activity": "132452ed-7ad0-4b60-a2ae-eced442a5ca9",
      "image": "alumni/activities/image/Rectangle_33_4.png"
    }
  },
  {
    "model": "alumni.activitygallery",
    "pk": 8,
    "fields": {
      "activity": "132452ed-7ad0-4b60-a2ae-eced442a5ca9",
      "image": "alumni/activities/image/Rectangle_33_1_Q4tP5iP.png"
    }
  },
  {
    "model": "alumni.activitygallery",
    "pk": 9,
    "fields": {
      "activity": "132452ed-7ad0-4b60-a2ae-eced442a5ca9",
      "image": "alumni/activities/image/Rectangle_33_2_R4Kurm2.png"
    }
  },
  {
    "model": "alumni.activitygallery",
    "pk": 10,
    "fields": {
      "activity": "3b4f1f56-faab-42c8-90ca-9bea3a716f86",
      "image": "alumni/activities/image/Rectangle_33_xLGNNKW.png"
    }
  },
  {
    "model": "alumni.activitygallery",
    "pk": 11,
    "fields": {
      "activity": "3b4f1f56-faab-42c8-90ca-9bea3a716f86",
      "image": "alumni/activities/image/Rectangle_33_4_JGDdGJ0.png"
    }
  },
  {
    "model": "alumni.activitygallery",
    "pk": 12,
    "fields": {
      "activity": "3b4f1f56-faab-42c8-90ca-9bea3a716f86",
      "image": "alumni/activities/image/Rectangle_33_4_H05KwuJ.png"
    }
  },
  {
    "model": "alumni.activitygallery",
    "pk": 13,
    "fields": {
      "activity": "e9c1c630-87a6-4559-8da6-c737dfe595a0",
      "image": "alumni/activities/image/Rectangle_33_2_Khl6IfO.png"
    }
  },
  {
    "model": "alumni.activitygallery",
    "pk": 14,
    "fields": {
      "activity": "e9c1c630-87a6-4559-8da6-c737dfe595a0",
      "image": "alumni/activities/image/Rectangle_33_1_iGAJr9T.png"
    }
  },
  {
    "model": "alumni.activitygallery",
    "pk": 15,
    "fields": {
      "activity": "e9c1c630-87a6-4559-8da6-c737dfe595a0",
      "image": "alumni/activities/image/vision_DrEjnY3.png"
    }
  },
  {
    "model": "alumni.activitygallery",
    "pk": 16,
    "fields": {
      "activity": "acba227b-8a02-45b3-9d0d-ccf47cef2068",
      "image": "alumni/activities/image/Rectangle_33_2_jhakbNF.png"
    }
  },
  {
    "model": "alumni.activitygallery",
    "pk": 17,
    "fields": {
      "activity": "acba227b-8a02-45b3-9d0d-ccf47cef2068",
      "image": "alumni/activities/image/Rectangle_33_xpJgq6v.png"
    }
  },
  {
    "model": "alumni.activitygallery",
    "pk": 18,
    "fields": {
      "activity": "acba227b-8a02-45b3-9d0d-ccf47cef2068",
      "image": "alumni/activities/image/Rectangle_33_4_AfYmbLe.png"
    }
  },
  {
    "model": "alumni.activitygallery",
    "pk": 19,
    "fields": {
      "activity": "97178f24-b563-42f5-b39d-28f4300fdc6c",
      "image": "alumni/activities/image/Rectangle_33_1_HVITa90.png"
    }
  },
  {
    "model": "alumni.activitygallery",
    "pk": 20,
    "fields": {
      "activity": "97178f24-b563-42f5-b39d-28f4300fdc6c",
      "image": "alumni/activities/image/history_cDWd6Po.png"
    }
  },
  {
    "model": "alumni.activitygallery",
    "pk": 21,
    "fields": {
      "activity": "97178f24-b563-42f5-b39d-28f4300fdc6c",
      "image": "alumni/activities/image/gallery3.png"
    }
  },
  {
    "model": "alumni.activitygallery",
    "pk": 22,
    "fields": {
      "activity": "b9de9f1f-3316-4c1e-939d-7c32e976f2b7",
      "image": "alumni/activities/image/Rectangle_33_4_iAl641z.png"
    }
  },
  {
    "model": "alumni.activitygallery",
    "pk": 23,
    "fields": {
      "activity": "b9de9f1f-3316-4c1e-939d-7c32e976f2b7",
      "image": "alumni/activities/image/Rectangle_33_1_RGS0E0p.png"
    }
  },
  {
    "model": "alumni.activitygallery",
    "pk": 24,
    "fields": {
      "activity": "b9de9f1f-3316-4c1e-939d-7c32e976f2b7",
      "image": "alumni/activities/image/Rectangle_33_4_rkxxTI1.png"
    }
  },
  {
    "model": "alumni.activitygallery",
    "pk": 25,
    "fields": {
      "activity": "e3a95a67-4803-4970-a2ac-bb6e8a6a408f",
      "image": "alumni/activities/image/Rectangle_33_2_Yx9KFM3.png"
    }
  },
  {
    "model": "alumni.activitygallery",
    "pk": 26,
    "fields": {
      "activity": "e3a95a67-4803-4970-a2ac-bb6e8a6a408f",
      "image": "alumni/activities/image/Rectangle_33_2_2WbxzMW.png"
    }
  },
  {
    "model": "alumni.activitygallery",
    "pk": 27,
    "fields": {
      "activity": "e3a95a67-4803-4970-a2ac-bb6e8a6a408f",
      "image": "alumni/activities/image/Rectangle_33_BYrk5lc.png"
    }
  },
  {
    "model": "alumni.activitygallery",
    "pk": 866,
    "fields": {
      "activity": "b09151bc-c2af-46fe-91fd-8ea27e010848",
      "image": "alumni/activities/image/Rectangle_33_xokRWH8.png"
    }
  },
  {
    "model": "alumni.activitygallery",
    "pk": 867,
    "fields": {
      "activity": "b09151bc-c2af-46fe-91fd-8ea27e010848",
      "image": "alumni/activities/image/Rectangle_33_2_n45Hz0K.png"
    }
  },
  {
    "model": "alumni.activitygallery",
    "pk": 868,
    "fields": {
      "activity": "b09151bc-c2af-46fe-91fd-8ea27e010848",
      "image": "alumni/activities/image/Rectangle_33_1_gfJiwWp.png"
    }
  },
  {
    "model": "alumni.activitygallery",
    "pk": 869,
    "fields": {
      "activity": "509a6135-5237-4043-bbe8-a5cb2cb55965",
      "image": "alumni/activities/image/history.png"
    }
  },
  {
    "model": "alumni.activitygallery",
    "pk": 870,
    "fields": {
      "activity": "509a6135-5237-4043-bbe8-a5cb2cb55965",
      "image": "alumni/activities/image/vision.png"
    }
  },
  {
    "model": "alumni.activitygallery",
    "pk": 871,
    "fields": {
      "activity": "509a6135-5237-4043-bbe8-a5cb2cb55965",
      "image": "alumni/activities/image/Rectangle_28.png"
    }
  },
  {
    "model": "alumni.activitygallery",
    "pk": 872,
    "fields": {
      "activity": "cf771a5c-f83e-4e0b-b0ea-d327184c8c36",
      "image": "alumni/activities/image/Rectangle_33_4.png"
    }
  },
  {
    "model": "alumni.activitygallery",
    "pk": 873,
    "fields": {
      "activity": "cf771a5c-f83e-4e0b-b0ea-d327184c8c36",
      "image": "alumni/activities/image/Rectangle_33_1_Q4tP5iP.png"
    }
  },
  {
    "model": "alumni.activitygallery",
    "pk": 874,
    "fields": {
      "activity": "cf771a5c-f83e-4e0b-b0ea-d327184c8c36",
      "image": "alumni/activities/image/Rectangle_33_2_R4Kurm2.png"
    }
  },
  {
    "model": "alumni.activitygallery",
    "pk": 875,
    "fields": {
      "activity": "30bcfc52-989f-4ae4-b5e4-8e3e00bf3bea",
      "image": "alumni/activities/image/Rectangle_33_xLGNNKW.png"
    }
  },
  {
    "model": "alumni.activitygallery",
    "pk": 876,
    "fields": {
      "activity": "30bcfc52-989f-4ae4-b5e4-8e3e00bf3bea",
      "image": "alumni/activities/image/Rectangle_33_4_JGDdGJ0.png"
    }
  },
  {
    "model": "alumni.activitygallery",
    "pk": 877,
    "fields": {
      "activity": "30bcfc52-989f-4ae4-b5e4-8e3e00bf3bea",
      "image": "alumni/activities/image/Rectangle_33_4_H05KwuJ.png"
    }
  },
  {
    "model": "alumni.activitygallery",
    "pk": 878,
    "fields": {
      "activity": "449a14b5-587e-4aae-a7fe-ab345ec01395",
      "image": "alumni/activities/image/Rectangle_33_2_Khl6IfO.png"
    }
  },
  {
    "model": "alumni.activitygallery",
    "pk": 879,
    "fields": {
      "activity": "449a14b5-587e-4aae-a7fe-ab345ec01395",
      "image": "alumni/activities/image/Rectangle_33_1_iGAJr9T.png"
    }
  },
  {
    "model": "alumni.activitygallery",
    "pk": 880,
    "fields": {
      "activity": "449a14b5-587e-4aae-a7fe-ab345ec01395",
      "image": "alumni/activities/image/vision_DrEjnY3.png"
    }
  },
  {
    "model": "alumni.activitygallery",
    "pk": 881,
    "fields": {
      "activity": "a6d10d5a-a4e4-40cf-8ecd-288173434847",
      "image": "alumni/activities/image/Rectangle_33_2_jhakbNF.png"
    }
  },
  {
    "model": "alumni.activitygallery",
    "pk": 882,
    "fields": {
      "activity": "a6d10d5a-a4e4-40cf-8ecd-288173434847",
      "image": "alumni/activities/image/Rectangle_33_xpJgq6v.png"
    }
  },
  {
    "model": "alumni.activitygallery",
    "pk": 883,
    "fields": {
      "activity": "a6d10d5a-a4e4-40cf-8ecd-288173434847",
      "image": "alumni/activities/image/Rectangle_33_4_AfYmbLe.png"
    }
  },
  {
    "model": "alumni.activitygallery",
    "pk": 884,
    "fields": {
      "activity": "f64b5c55-346c-400c-89d7-9539a6bf14d5",
      "image": "alumni/activities/image/Rectangle_33_1_HVITa90.png"
    }
  },
  {
    "model": "alumni.activitygallery",
    "pk": 885,
    "fields": {
      "activity": "f64b5c55-346c-400c-89d7-9539a6bf14d5",
      "image": "alumni/activities/image/history_cDWd6Po.png"
    }
  },
  {
    "model": "alumni.activitygallery",
    "pk": 886,
    "fields": {
      "activity": "f64b5c55-346c-400c-89d7-9539a6bf14d5",
      "image": "alumni/activities/image/gallery3.png"
    }
  },
  {
    "model": "alumni.activitygallery",
    "pk": 887,
    "fields": {
      "activity": "a534b38b-7d60-4cb7-9885-dc0c4c8a2323",
      "image": "alumni/activities/image/Rectangle_33_4_iAl641z.png"
    }
  },
  {
    "model": "alumni.activitygallery",
    "pk": 888,
    "fields": {
      "activity": "a534b38b-7d60-4cb7-9885-dc0c4c8a2323",
      "image": "alumni/activities/image/Rectangle_33_1_RGS0E0p.png"
    }
  },
  {
    "model": "alumni.activitygallery",
    "pk": 889,
    "fields": {
      "activity": "a534b38b-7d60-4cb7-9885-dc0c4c8a2323",
      "image": "alumni/activities/image/Rectangle_33_4_rkxxTI1.png"
    }
  },
  {
    "model": "alumni.activitygallery",
    "pk": 890,
    "fields": {
      "activity": "4adbb101-0772-45cc-8e6a-e24d2d85a5b5",
      "image": "alumni/activities/image/Rectangle_33_2_Yx9KFM3.png"
    }
  },
  {
    "model": "alumni.activitygallery",
    "pk": 891,
    "fields": {
      "activity": "4adbb101-0772-45cc-8e6a-e24d2d85a5b5",
      "image": "alumni/activities/image/Rectangle_33_2_2WbxzMW.png"
    }
  },
  {
    "model": "alumni.activitygallery",
    "pk": 892,
    "fields": {
      "activity": "4adbb101-0772-45cc-8e6a-e24d2d85a5b5",
      "image": "alumni/activities/image/Rectangle_33_BYrk5lc.png"
    }
  },
  {
    "model": "alumni.activitygallery",
    "pk": 893,
    "fields": {
      "activity": "4bb89922-485e-4749-ab22-c9d698ab13ba",
      "image": "alumni/activities/image/Rectangle_33_xokRWH8.png"
    }
  },
  {
    "model": "alumni.activitygallery",
    "pk": 894,
    "fields": {
      "activity": "4bb89922-485e-4749-ab22-c9d698ab13ba",
      "image": "alumni/activities/image/Rectangle_33_2_n45Hz0K.png"
    }
  },
  {
    "model": "alumni.activitygallery",
    "pk": 895,
    "fields": {
      "activity": "4bb89922-485e-4749-ab22-c9d698ab13ba",
      "image": "alumni/activities/image/Rectangle_33_1_gfJiwWp.png"
    }
  },
  {
    "model": "alumni.activitygallery",
    "pk": 896,
    "fields": {
      "activity": "01dec55f-5b0d-41ee-99f1-ffa7f61fd762",
      "image": "alumni/activities/image/history.png"
    }
  },
  {
    "model": "alumni.activitygallery",
    "pk": 897,
    "fields": {
      "activity": "01dec55f-5b0d-41ee-99f1-ffa7f61fd762",
      "image": "alumni/activities/image/vision.png"
    }
  },
  {
    "model": "alumni.activitygallery",
    "pk": 898,
    "fields": {
      "activity": "01dec55f-5b0d-41ee-99f1-ffa7f61fd762",
      "image": "alumni/activities/image/Rectangle_28.png"
    }
  },
  {
    "model": "alumni.activitygallery",
    "pk": 899,
    "fields": {
      "activity": "4dde0d22-ae36-414a-b2b9-0cbac2148775",
      "image": "alumni/activities/image/Rectangle_33_4.png"
    }
  },
  {
    "model": "alumni.activitygallery",
    "pk": 900,
    "fields": {
      "activity": "4dde0d22-ae36-414a-b2b9-0cbac2148775",
      "image": "alumni/activities/image/Rectangle_33_1_Q4tP5iP.png"
    }
  },
  {
    "model": "alumni.activitygallery",
    "pk": 901,
    "fields": {
      "activity": "4dde0d22-ae36-414a-b2b9-0cbac2148775",
      "image": "alumni/activities/image/Rectangle_33_2_R4Kurm2.png"
    }
  },
  {
    "model": "alumni.activitygallery",
    "pk": 902,
    "fields": {
      "activity": "961e0172-1911-4989-8181-ff9ccf01c0b3",
      "image": "alumni/activities/image/Rectangle_33_xLGNNKW.png"
    }
  },
  {
    "model": "alumni.activitygallery",
    "pk": 903,
    "fields": {
      "activity": "961e0172-1911-4989-8181-ff9ccf01c0b3",
      "image": "alumni/activities/image/Rectangle_33_4_JGDdGJ0.png"
    }
  },
  {
    "model": "alumni.activitygallery",
    "pk": 904,
    "fields": {
      "activity": "961e0172-1911-4989-8181-ff9ccf01c0b3",
      "image": "alumni/activities/image/Rectangle_33_4_H05KwuJ.png"
    }
  },
  {
    "model": "alumni.activitygallery",
    "pk": 905,
    "fields": {
      "activity": "dba7af96-6db8-4f5a-b389-7502b156c25a",
      "image": "alumni/activities/image/Rectangle_33_2_Khl6IfO.png"
    }
  },
  {
    "model": "alumni.activitygallery",
    "pk": 906,
    "fields": {
      "activity": "dba7af96-6db8-4f5a-b389-7502b156c25a",
      "image": "alumni/activities/image/Rectangle_33_1_iGAJr9T.png"
    }
  },
  {
    "model": "alumni.activitygallery",
    "pk": 907,
    "fields": {
      "activity": "dba7af96-6db8-4f5a-b389-7502b156c25a",
      "image": "alumni/activities/image/vision_DrEjnY3.png"
    }
  },
  {
    "model": "alumni.activitygallery",
    "pk": 908,
    "fields": {
      "activity": "e502a78e-5cf6-4e3d-ad5e-16a4c94bd219",
      "image": "alumni/activities/image/Rectangle_33_2_jhakbNF.png"
    }
  },
  {
    "model": "alumni.activitygallery",
    "pk": 909,
    "fields": {
      "activity": "e502a78e-5cf6-4e3d-ad5e-16a4c94bd219",
      "image": "alumni/activities/image/Rectangle_33_xpJgq6v.png"
    }
  },
  {
    "model": "alumni.activitygallery",
    "pk": 910,
    "fields": {
      "activity": "e502a78e-5cf6-4e3d-ad5e-16a4c94bd219",
      "image": "alumni/activities/image/Rectangle_33_4_AfYmbLe.png"
    }
  },
  {
    "model": "alumni.activitygallery",
    "pk": 911,
    "fields": {
      "activity": "95d859fb-a2ba-4bae-8bc2-09df71f4ad37",
      "image": "alumni/activities/image/Rectangle_33_1_HVITa90.png"
    }
  },
  {
    "model": "alumni.activitygallery",
    "pk": 912,
    "fields": {
      "activity": "95d859fb-a2ba-4bae-8bc2-09df71f4ad37",
      "image": "alumni/activities/image/history_cDWd6Po.png"
    }
  },
  {
    "model": "alumni.activitygallery",
    "pk": 913,
    "fields": {
      "activity": "95d859fb-a2ba-4bae-8bc2-09df71f4ad37",
      "image": "alumni/activities/image/gallery3.png"
    }
  },
  {
    "model": "alumni.activitygallery",
    "pk": 914,
    "fields": {
      "activity": "15eafd76-89bb-4122-bd37-845d5405db02",
      "image": "alumni/activities/image/Rectangle_33_4_iAl641z.png"
    }
  },
  {
    "model": "alumni.activitygallery",
    "pk": 915,
    "fields": {
      "activity": "15eafd76-89bb-4122-bd37-845d5405db02",
      "image": "alumni/activities/image/Rectangle_33_1_RGS0E0p.png"
    }
  },
  {
    "model": "alumni.activitygallery",
    "pk": 916,
    "fields": {
      "activity": "15eafd76-89bb-4122-bd37-845d5405db02",
      "image": "alumni/activities/image/Rectangle_33_4_rkxxTI1.png"
    }
  },
  {
    "model": "alumni.activitygallery",
    "pk": 917,
    "fields": {
      "activity": "5c4a58a7-bc22-4dbf-aa93-1a754dc10615",
      "image": "alumni/activities/image/Rectangle_33_2_Yx9KFM3.png"
    }
  },
  {
    "model": "alumni.activitygallery",
    "pk": 918,
    "fields": {
      "activity": "5c4a58a7-bc22-4dbf-aa93-1a754dc10615",
      "image": "alumni/activities/image/Rectangle_33_2_2WbxzMW.png"
    }
  },
  {
    "model": "alumni.activitygallery",
    "pk": 919,
    "fields": {
      "activity": "5c4a58a7-bc22-4dbf-aa93-1a754dc10615",
      "image": "alumni/activities/image/Rectangle_33_BYrk5lc.png"
    }
  },
  {
    "model": "alumni.activitygallery",
    "pk": 920,
    "fields": {
      "activity": "968cd390-f262-4776-b104-4cdec53876ed",
      "image": "alumni/activities/image/Rectangle_33_xokRWH8.png"
    }
  },
  {
    "model": "alumni.activitygallery",
    "pk": 921,
    "fields": {
      "activity": "968cd390-f262-4776-b104-4cdec53876ed",
      "image": "alumni/activities/image/Rectangle_33_2_n45Hz0K.png"
    }
  },
  {
    "model": "alumni.activitygallery",
    "pk": 922,
    "fields": {
      "activity": "968cd390-f262-4776-b104-4cdec53876ed",
      "image": "alumni/activities/image/Rectangle_33_1_gfJiwWp.png"
    }
  },
  {
    "model": "alumni.activitygallery",
    "pk": 923,
    "fields": {
      "activity": "f5cf7204-f262-48b3-88f9-f84dda27ef24",
      "image": "alumni/activities/image/history.png"
    }
  },
  {
    "model": "alumni.activitygallery",
    "pk": 924,
    "fields": {
      "activity": "f5cf7204-f262-48b3-88f9-f84dda27ef24",
      "image": "alumni/activities/image/vision.png"
    }
  },
  {
    "model": "alumni.activitygallery",
    "pk": 925,
    "fields": {
      "activity": "f5cf7204-f262-48b3-88f9-f84dda27ef24",
      "image": "alumni/activities/image/Rectangle_28.png"
    }
  },
  {
    "model": "alumni.activitygallery",
    "pk": 926,
    "fields": {
      "activity": "ed30792a-fa48-44d7-b9ed-35ea2738167f",
      "image": "alumni/activities/image/Rectangle_33_4.png"
    }
  },
  {
    "model": "alumni.activitygallery",
    "pk": 927,
    "fields": {
      "activity": "ed30792a-fa48-44d7-b9ed-35ea2738167f",
      "image": "alumni/activities/image/Rectangle_33_1_Q4tP5iP.png"
    }
  },
  {
    "model": "alumni.activitygallery",
    "pk": 928,
    "fields": {
      "activity": "ed30792a-fa48-44d7-b9ed-35ea2738167f",
      "image": "alumni/activities/image/Rectangle_33_2_R4Kurm2.png"
    }
  },
  {
    "model": "alumni.activitygallery",
    "pk": 929,
    "fields": {
      "activity": "b89b3e8e-e27b-496e-bc85-a20647c0dd5e",
      "image": "alumni/activities/image/Rectangle_33_xLGNNKW.png"
    }
  },
  {
    "model": "alumni.activitygallery",
    "pk": 930,
    "fields": {
      "activity": "b89b3e8e-e27b-496e-bc85-a20647c0dd5e",
      "image": "alumni/activities/image/Rectangle_33_4_JGDdGJ0.png"
    }
  },
  {
    "model": "alumni.activitygallery",
    "pk": 931,
    "fields": {
      "activity": "b89b3e8e-e27b-496e-bc85-a20647c0dd5e",
      "image": "alumni/activities/image/Rectangle_33_4_H05KwuJ.png"
    }
  },
  {
    "model": "alumni.activitygallery",
    "pk": 932,
    "fields": {
      "activity": "0e673bee-8a6c-4215-adfb-aa4165ad8f96",
      "image": "alumni/activities/image/Rectangle_33_2_Khl6IfO.png"
    }
  },
  {
    "model": "alumni.activitygallery",
    "pk": 933,
    "fields": {
      "activity": "0e673bee-8a6c-4215-adfb-aa4165ad8f96",
      "image": "alumni/activities/image/Rectangle_33_1_iGAJr9T.png"
    }
  },
  {
    "model": "alumni.activitygallery",
    "pk": 934,
    "fields": {
      "activity": "0e673bee-8a6c-4215-adfb-aa4165ad8f96",
      "image": "alumni/activities/image/vision_DrEjnY3.png"
    }
  },
  {
    "model": "alumni.activitygallery",
    "pk": 935,
    "fields": {
      "activity": "2e14a12a-208d-4c43-add4-fea9385942d1",
      "image": "alumni/activities/image/Rectangle_33_2_jhakbNF.png"
    }
  },
  {
    "model": "alumni.activitygallery",
    "pk": 936,
    "fields": {
      "activity": "2e14a12a-208d-4c43-add4-fea9385942d1",
      "image": "alumni/activities/image/Rectangle_33_xpJgq6v.png"
    }
  },
  {
    "model": "alumni.activitygallery",
    "pk": 937,
    "fields": {
      "activity": "2e14a12a-208d-4c43-add4-fea9385942d1",
      "image": "alumni/activities/image/Rectangle_33_4_AfYmbLe.png"
    }
  },
  {
    "model": "alumni.activitygallery",
    "pk": 938,
    "fields": {
      "activity": "5e9669ef-5031-4175-98fe-ef2352a93465",
      "image": "alumni/activities/image/Rectangle_33_1_HVITa90.png"
    }
  },
  {
    "model": "alumni.activitygallery",
    "pk": 939,
    "fields": {
      "activity": "5e9669ef-5031-4175-98fe-ef2352a93465",
      "image": "alumni/activities/image/history_cDWd6Po.png"
    }
  },
  {
    "model": "alumni.activitygallery",
    "pk": 940,
    "fields": {
      "activity": "5e9669ef-5031-4175-98fe-ef2352a93465",
      "image": "alumni/activities/image/gallery3.png"
    }
  },
  {
    "model": "alumni.activitygallery",
    "pk": 941,
    "fields": {
      "activity": "d979cce1-1a5e-4ff2-b0b5-542db67ab25b",
      "image": "alumni/activities/image/Rectangle_33_4_iAl641z.png"
    }
  },
  {
    "model": "alumni.activitygallery",
    "pk": 942,
    "fields": {
      "activity": "d979cce1-1a5e-4ff2-b0b5-542db67ab25b",
      "image": "alumni/activities/image/Rectangle_33_1_RGS0E0p.png"
    }
  },
  {
    "model": "alumni.activitygallery",
    "pk": 943,
    "fields": {
      "activity": "d979cce1-1a5e-4ff2-b0b5-542db67ab25b",
      "image": "alumni/activities/image/Rectangle_33_4_rkxxTI1.png"
    }
  },
  {
    "model": "alumni.activitygallery",
    "pk": 944,
    "fields": {
      "activity": "adf613c2-5e43-46af-a8f3-d20a889b7317",
      "image": "alumni/activities/image/Rectangle_33_2_Yx9KFM3.png"
    }
  },
  {
    "model": "alumni.activitygallery",
    "pk": 945,
    "fields": {
      "activity": "adf613c2-5e43-46af-a8f3-d20a889b7317",
      "image": "alumni/activities/image/Rectangle_33_2_2WbxzMW.png"
    }
  },
  {
    "model": "alumni.activitygallery",
    "pk": 946,
    "fields": {
      "activity": "adf613c2-5e43-46af-a8f3-d20a889b7317",
      "image": "alumni/activities/image/Rectangle_33_BYrk5lc.png"
    }
  },
  {
    "model": "alumni.alumniteam",
    "pk": 1,
    "fields": {
      "name": "Dr Abdul Gafoor PK",
      "designation": "President",
      "image": "alumni/team/images/Rectangle_46.jpg",
      "is_deleted": false
    }
  },
  {
    "model": "alumni.alumniteam",
    "pk": 2,
    "fields": {
      "name": "Adhil atheef Swalahi",
      "designation": "Patron",
      "image": "alumni/team/images/Rectangle_46_1.jpg",
      "is_deleted": false
    }
  },
  {
    "model": "alumni.alumniteam",
    "pk": 3,
    "fields": {
      "name": "Anees Rahman",
      "designation": "Vice president",
      "image": "alumni/team/images/Rectangle_46_2.jpg",
      "is_deleted": false
    }
  },
  {
    "model": "alumni.alumniteam",
    "pk": 4,
    "fields": {
      "name": "Jasna V C",
      "designation": "Vice president",
      "image": "alumni/team/images/Rectangle_46_3.jpg",
      "is_deleted": false
    }
  },
  {
    "model": "alumni.alumniteam",
    "pk": 5,
    "fields": {
      "name": "Zakariya P",
      "designation": "Secretary",
      "image": "alumni/team/images/Rectangle_46_4.jpg",
      "is_deleted": false
    }
  },
  {
    "model": "alumni.alumniteam",
    "pk": 6,
    "fields": {
      "name": "Jabir K",
      "designation": "Joint secretary",
      "image": "alumni/team/images/Rectangle_46_5.jpg",
      "is_deleted": false
    }
  },
  {
    "model": "alumni.alumniteam",
    "pk": 7,
    "fields": {
      "name": "Mujeeb Rahman T",
      "designation": "Treasurer",
      "image": "alumni/team/images/Rectangle_46_6.jpg",
      "is_deleted": false
    }
  },
  {
    "model": "alumni.student",
    "pk": 1,
    "fields": {
      "name": "Jilshar Kareem C.T",
      "batch": "2009 - 10 Batch",
      "is_deleted": false
    }
  },
  {
    "model": "alumni.student",
    "pk": 2,
    "fields": {
      "name": "Sidheeque P",
      "batch": "2009 - 10 Batch",
      "is_deleted": false
    }
  },
  {
    "model": "alumni.student",
    "pk": 3,
    "fields": {
      "name": "Abdul Gafoor V",
      "batch": "2015 - 16 Batch",
      "is_deleted": false
    }
  },
  {
    "model": "alumni.student",
    "pk": 4,
    "fields": {
      "name": "Noor Jahan P",
      "batch": "2016 - 18 Batch",
      "is_deleted": false
    }
  },
  {
    "model": "alumni.student",
    "pk": 5,
    "fields": {
      "name": "Ameen Muhammed",
      "batch": "2017 - 19 Batch",
      "is_deleted": false
    }
  },
  {
    "model": "alumni.faculty",
    "pk": 1,
    "fields": {
      "name": "Ahmad Septimus",
      "image": "alumni/faculty/images/profile5.png",
      "designation": "Principal",
      "is_deleted": false
    }
  },
  {
    "model": "alumni.faculty",
    "pk": 2,
    "fields": {
      "name": "Terry Philips",
      "image": "alumni/faculty/images/profile.png",
      "designation": "Faculty on Social Science",
      "is_deleted": false
    }
  },
  {
    "model": "alumni.faculty",
    "pk": 3,
    "fields": {
      "name": "Terry Baptista",
      "image": "alumni/faculty/images/profile0_46.png",
      "designation": "Asst. Professor in Natural Science",
      "is_deleted": false
    }
  },
  {
    "model": "alumni.faculty",
    "pk": 4,
    "fields": {
      "name": "Allison Aminoff",
      "image": "alumni/faculty/images/profile1.png",
      "designation": "Asst. Professor in Arabic",
      "is_deleted": false
    }
  },
  {
    "model": "alumni.faculty",
    "pk": 5,
    "fields": {
      "name": "Miracle Philips",
      "image": "alumni/faculty/images/profile6.png",
      "designation": "Asst. Professor in  English",
      "is_deleted": false
    }
  },
  {
    "model": "alumni.faculty",
    "pk": 6,
    "fields": {
      "name": "Carla Vetrovs",
      "image": "alumni/faculty/images/profile8.png",
      "designation": "Asst. Professor in Physical science",
      "is_deleted": false
    }
  },
  {
    "model": "alumni.faculty",
    "pk": 7,
    "fields": {
      "name": "Jordyn Dorwart",
      "image": "alumni/faculty/images/profile9.png",
      "designation": "Asst. Professor in Education",
      "is_deleted": false
    }
  },
  {
    "model": "alumni.faculty",
    "pk": 8,
    "fields": {
      "name": "Davis Aminoff",
      "image": "alumni/faculty/images/profile2.png",
      "designation": "Asst. Professor in Education",
      "is_deleted": false
    }
  },
  {
    "model": "alumni.faculty",
    "pk": 9,
    "fields": {
      "name": "James Vaccaro",
      "image": "alumni/faculty/images/profile_6rru4JT.png",
      "designation": "Professor in Physical &Health Education",
      "is_deleted": false
    }
  },
  {
    "model": "alumni.faculty",
    "pk": 10,
    "fields": {
      "name": "Jaydon Korsgaard",
      "image": "alumni/faculty/images/profile5_p67DK7q.png",
      "designation": "Asst. Professor in Social Science",
      "is_deleted": false
    }
  },
  {
    "model": "alumni.faculty",
    "pk": 11,
    "fields": {
      "name": "Ruben Donin",
      "image": "alumni/faculty/images/profile9_mG1sT4z.png",
      "designation": "Asst. Professor in English",
      "is_deleted": false
    }
  },
  {
    "model": "alumni.faculty",
    "pk": 12,
    "fields": {
      "name": "Marcus Saris",
      "image": "alumni/faculty/images/profile8_v9fkIp0.png",
      "designation": "Asst. Professor in Education",
      "is_deleted": false
    }
  },
  {
    "model": "alumni.faculty",
    "pk": 13,
    "fields": {
      "name": "Ashlynn Franci",
      "image": "alumni/faculty/images/profile0_46_1yYPuwu.png",
      "designation": "Asst. Professor in Education",
      "is_deleted": false
    }
  },
  {
    "model": "alumni.faculty",
    "pk": 14,
    "fields": {
      "name": "Ryan Korsgaard",
      "image": "alumni/faculty/images/profile_2avxMJk.png",
      "designation": "Asst. Professor in Physical Science",
      "is_deleted": false
    }
  },
  {
    "model": "alumni.faculty",
    "pk": 15,
    "fields": {
      "name": "Abram Botosh",
      "image": "alumni/faculty/images/profile4.png",
      "designation": "Asst.Professor in Fine Arts",
      "is_deleted": false
    }
  },
  {
    "model": "web.homespotlight",
    "pk": 4,
    "fields": { "title": "Jamia Nadwiyya", "sub_title": "Training College" }
  },
  {
    "model": "web.homespotlightgallery",
    "pk": 1,
    "fields": {
      "spotlight": 4,
      "image": "home/spotlight/images/Rectangle_25_5M6iR0C_kJmDnzM.png"
    }
  },
  {
    "model": "web.homespotlightgallery",
    "pk": 2,
    "fields": {
      "spotlight": 4,
      "image": "home/spotlight/images/background1_5rbQoca.png"
    }
  },
  {
    "model": "web.homespotlightgallery",
    "pk": 3,
    "fields": {
      "spotlight": 4,
      "image": "home/spotlight/images/background1_nYDVVVI.png"
    }
  },
  {
    "model": "web.homeabout",
    "pk": 1,
    "fields": {
      "title": "About JNE Training College",
      "description": "Jamia Nadawiyya Training College owes her genesis and efflorescence to KNM (2/1957), the most progressive muslim religious organization founded in 1950. The college was established in 1991 and maintained by the central committee of its organization. Jamia Nadwiyya trust board was constituted for the purpose.",
      "image": "home/about/images/Rectangle_30.png"
    }
  },
  {
    "model": "web.homenewsandeventsspotlight",
    "pk": 1,
    "fields": {
      "title": "News & Events",
      "sub_title": "Jamia Nadawiyya Training College owes her genesis and efflorescence.",
      "image": "home/news_and_events/spotlight/image/Banner.jpg"
    }
  },
  {
    "model": "web.homelatestnews",
    "pk": "0346ebea-a82d-4ffa-8f4b-614a773aa96d",
    "fields": {
      "title": "IGNOU December TEE 2022",
      "sub_title": "Jamia Nadawiyya Training College owes her genesis and efflorescence.",
      "description": "A gathering of former classmates or graduates, often organized on a regular basis, such as annually or every five years",
      "date": "2023-06-06",
      "is_deleted": false
    }
  },
  {
    "model": "web.homelatestnews",
    "pk": "05f2d577-a29f-4694-9d40-6eefa2f5d696",
    "fields": {
      "title": "Championship Finale",
      "sub_title": "JNTC Alumni Association: Connecting Past, Present, and Future",
      "description": "Alumni may be offered career development resources such as job postings, resume reviews, and mentoring programs",
      "date": "2023-06-23",
      "is_deleted": false
    }
  },
  {
    "model": "web.homelatestnews",
    "pk": "076928b0-4b6a-4319-987c-f839cd71aa65",
    "fields": {
      "title": "Championship Finale",
      "sub_title": "JNTC Alumni Association: Connecting Past, Present, and Future",
      "description": "Alumni may be offered career development resources such as job postings, resume reviews, and mentoring programs",
      "date": "2023-06-23",
      "is_deleted": false
    }
  },
  {
    "model": "web.homelatestnews",
    "pk": "0ad7d8ff-263d-4137-b503-914a8f0c9d34",
    "fields": {
      "title": "Championship Finale",
      "sub_title": "JNTC Alumni Association: Connecting Past, Present, and Future",
      "description": "Alumni may be offered career development resources such as job postings, resume reviews, and mentoring programs",
      "date": "2023-06-23",
      "is_deleted": false
    }
  },
  {
    "model": "web.homelatestnews",
    "pk": "115f6de3-34ee-4b5e-a354-efe495797206",
    "fields": {
      "title": "Covid Update",
      "sub_title": "Jamia Nadawiyya Training College owes her genesis and efflorescence.",
      "description": "An opportunity for alumni to meet and connect with each other and potential employers or industry leaders",
      "date": "2023-06-05",
      "is_deleted": false
    }
  },
  {
    "model": "web.homelatestnews",
    "pk": "116bcb47-41c5-4c7b-8bc3-2ab2c57aa6fd",
    "fields": {
      "title": "Championship Finale",
      "sub_title": "JNTC Alumni Association: Connecting Past, Present, and Future",
      "description": "Alumni may be offered career development resources such as job postings, resume reviews, and mentoring programs",
      "date": "2023-06-23",
      "is_deleted": false
    }
  },
  {
    "model": "web.homelatestnews",
    "pk": "11987d9f-68ad-447d-b5e8-7d14e7c08cc3",
    "fields": {
      "title": "Covid Update",
      "sub_title": "Jamia Nadawiyya Training College owes her genesis and efflorescence.",
      "description": "An opportunity for alumni to meet and connect with each other and potential employers or industry leaders",
      "date": "2023-06-05",
      "is_deleted": false
    }
  },
  {
    "model": "web.homelatestnews",
    "pk": "131535e5-21e0-443a-89a0-914e8af7ed0f",
    "fields": {
      "title": "Covid Update",
      "sub_title": "Jamia Nadawiyya Training College owes her genesis and efflorescence.",
      "description": "An opportunity for alumni to meet and connect with each other and potential employers or industry leaders",
      "date": "2023-06-05",
      "is_deleted": false
    }
  },
  {
    "model": "web.homelatestnews",
    "pk": "158a677d-856d-4be1-9455-da25f9776150",
    "fields": {
      "title": "IGNOU December TEE 2022",
      "sub_title": "Jamia Nadawiyya Training College owes her genesis and efflorescence.",
      "description": "A gathering of former classmates or graduates, often organized on a regular basis, such as annually or every five years",
      "date": "2023-06-06",
      "is_deleted": false
    }
  },
  {
    "model": "web.homelatestnews",
    "pk": "17f09251-4482-4c1d-822c-cd39afbb3f56",
    "fields": {
      "title": "Championship Finale",
      "sub_title": "JNTC Alumni Association: Connecting Past, Present, and Future",
      "description": "Alumni may be offered career development resources such as job postings, resume reviews, and mentoring programs",
      "date": "2023-06-23",
      "is_deleted": false
    }
  },
  {
    "model": "web.homelatestnews",
    "pk": "199826f9-18c3-45f2-b80c-d10558015137",
    "fields": {
      "title": "Covid Update",
      "sub_title": "Jamia Nadawiyya Training College owes her genesis and efflorescence.",
      "description": "An opportunity for alumni to meet and connect with each other and potential employers or industry leaders",
      "date": "2023-06-05",
      "is_deleted": false
    }
  },
  {
    "model": "web.homelatestnews",
    "pk": "1e99ada8-3380-4455-9add-5016ea03313e",
    "fields": {
      "title": "Championship Finale",
      "sub_title": "JNTC Alumni Association: Connecting Past, Present, and Future",
      "description": "Alumni may be offered career development resources such as job postings, resume reviews, and mentoring programs",
      "date": "2023-06-23",
      "is_deleted": false
    }
  },
  {
    "model": "web.homelatestnews",
    "pk": "1eecd82c-f80b-4138-8a13-fcc70067781d",
    "fields": {
      "title": "Covid Update",
      "sub_title": "Jamia Nadawiyya Training College owes her genesis and efflorescence.",
      "description": "An opportunity for alumni to meet and connect with each other and potential employers or industry leaders",
      "date": "2023-06-05",
      "is_deleted": false
    }
  },
  {
    "model": "web.homelatestnews",
    "pk": "20c713eb-4ace-4037-97e3-68534ca1dfbc",
    "fields": {
      "title": "Championship Finale",
      "sub_title": "JNTC Alumni Association: Connecting Past, Present, and Future",
      "description": "Alumni may be offered career development resources such as job postings, resume reviews, and mentoring programs",
      "date": "2023-06-23",
      "is_deleted": false
    }
  },
  {
    "model": "web.homelatestnews",
    "pk": "2768cbad-39c6-4734-9092-5f285498c101",
    "fields": {
      "title": "IGNOU December TEE 2022",
      "sub_title": "Jamia Nadawiyya Training College owes her genesis and efflorescence.",
      "description": "A gathering of former classmates or graduates, often organized on a regular basis, such as annually or every five years",
      "date": "2023-06-06",
      "is_deleted": false
    }
  },
  {
    "model": "web.homelatestnews",
    "pk": "2d88953b-6cab-4abf-a4fd-84835c9c4578",
    "fields": {
      "title": "IGNOU December TEE 2022",
      "sub_title": "Jamia Nadawiyya Training College owes her genesis and efflorescence.",
      "description": "A gathering of former classmates or graduates, often organized on a regular basis, such as annually or every five years",
      "date": "2023-06-06",
      "is_deleted": false
    }
  },
  {
    "model": "web.homelatestnews",
    "pk": "2f08775b-2e33-4022-bc3d-f4c96d98917b",
    "fields": {
      "title": "Championship Finale",
      "sub_title": "JNTC Alumni Association: Connecting Past, Present, and Future",
      "description": "Alumni may be offered career development resources such as job postings, resume reviews, and mentoring programs",
      "date": "2023-06-23",
      "is_deleted": false
    }
  },
  {
    "model": "web.homelatestnews",
    "pk": "31af4436-26b4-4694-ad6d-35691d73254a",
    "fields": {
      "title": "Covid Update",
      "sub_title": "Jamia Nadawiyya Training College owes her genesis and efflorescence.",
      "description": "An opportunity for alumni to meet and connect with each other and potential employers or industry leaders",
      "date": "2023-06-05",
      "is_deleted": false
    }
  },
  {
    "model": "web.homelatestnews",
    "pk": "33105b2c-c87b-4926-8f14-79d4b304c170",
    "fields": {
      "title": "IGNOU December TEE 2022",
      "sub_title": "Jamia Nadawiyya Training College owes her genesis and efflorescence.",
      "description": "A gathering of former classmates or graduates, often organized on a regular basis, such as annually or every five years",
      "date": "2023-06-06",
      "is_deleted": false
    }
  },
  {
    "model": "web.homelatestnews",
    "pk": "34284309-de03-4fb9-807f-a1eb540915e5",
    "fields": {
      "title": "Covid Update",
      "sub_title": "Jamia Nadawiyya Training College owes her genesis and efflorescence.",
      "description": "An opportunity for alumni to meet and connect with each other and potential employers or industry leaders",
      "date": "2023-06-05",
      "is_deleted": false
    }
  },
  {
    "model": "web.homelatestnews",
    "pk": "34d80dd6-c37b-4476-9a39-c538e2cae5db",
    "fields": {
      "title": "Championship Finale",
      "sub_title": "JNTC Alumni Association: Connecting Past, Present, and Future",
      "description": "Alumni may be offered career development resources such as job postings, resume reviews, and mentoring programs",
      "date": "2023-06-23",
      "is_deleted": false
    }
  },
  {
    "model": "web.homelatestnews",
    "pk": "36bca097-1a5b-4f59-a536-4905dc31e517",
    "fields": {
      "title": "IGNOU December TEE 2022",
      "sub_title": "Jamia Nadawiyya Training College owes her genesis and efflorescence.",
      "description": "A gathering of former classmates or graduates, often organized on a regular basis, such as annually or every five years",
      "date": "2023-06-06",
      "is_deleted": false
    }
  },
  {
    "model": "web.homelatestnews",
    "pk": "38620caf-a33e-49df-9b15-6355253d9a35",
    "fields": {
      "title": "Championship Finale",
      "sub_title": "JNTC Alumni Association: Connecting Past, Present, and Future",
      "description": "Alumni may be offered career development resources such as job postings, resume reviews, and mentoring programs",
      "date": "2023-06-23",
      "is_deleted": false
    }
  },
  {
    "model": "web.homelatestnews",
    "pk": "3a45eb96-ad3f-44a5-a2b1-9a45b9a42976",
    "fields": {
      "title": "Covid Update",
      "sub_title": "Jamia Nadawiyya Training College owes her genesis and efflorescence.",
      "description": "An opportunity for alumni to meet and connect with each other and potential employers or industry leaders",
      "date": "2023-06-05",
      "is_deleted": false
    }
  },
  {
    "model": "web.homelatestnews",
    "pk": "3a99476c-926a-4351-b39b-b74b0bdd8026",
    "fields": {
      "title": "Covid Update",
      "sub_title": "Jamia Nadawiyya Training College owes her genesis and efflorescence.",
      "description": "An opportunity for alumni to meet and connect with each other and potential employers or industry leaders",
      "date": "2023-06-05",
      "is_deleted": false
    }
  },
  {
    "model": "web.homelatestnews",
    "pk": "3d01daba-df65-483f-9ac6-e9cf0b755117",
    "fields": {
      "title": "Championship Finale",
      "sub_title": "JNTC Alumni Association: Connecting Past, Present, and Future",
      "description": "Alumni may be offered career development resources such as job postings, resume reviews, and mentoring programs",
      "date": "2023-06-23",
      "is_deleted": false
    }
  },
  {
    "model": "web.homelatestnews",
    "pk": "43d7a64a-079c-46f2-96a7-6956e36744d7",
    "fields": {
      "title": "Covid Update",
      "sub_title": "Jamia Nadawiyya Training College owes her genesis and efflorescence.",
      "description": "An opportunity for alumni to meet and connect with each other and potential employers or industry leaders",
      "date": "2023-06-05",
      "is_deleted": false
    }
  },
  {
    "model": "web.homelatestnews",
    "pk": "4564cc8f-02dc-42c9-ab9a-7e2d77687e68",
    "fields": {
      "title": "Championship Finale",
      "sub_title": "JNTC Alumni Association: Connecting Past, Present, and Future",
      "description": "Alumni may be offered career development resources such as job postings, resume reviews, and mentoring programs",
      "date": "2023-06-23",
      "is_deleted": false
    }
  },
  {
    "model": "web.homelatestnews",
    "pk": "45d8f346-6c23-4913-bbc2-6ae62d9db592",
    "fields": {
      "title": "Championship Finale",
      "sub_title": "JNTC Alumni Association: Connecting Past, Present, and Future",
      "description": "Alumni may be offered career development resources such as job postings, resume reviews, and mentoring programs",
      "date": "2023-06-23",
      "is_deleted": false
    }
  },
  {
    "model": "web.homelatestnews",
    "pk": "4b287f1c-6700-4230-9aa6-fe8dfebb8ae4",
    "fields": {
      "title": "IGNOU December TEE 2022",
      "sub_title": "Jamia Nadawiyya Training College owes her genesis and efflorescence.",
      "description": "A gathering of former classmates or graduates, often organized on a regular basis, such as annually or every five years",
      "date": "2023-06-06",
      "is_deleted": false
    }
  },
  {
    "model": "web.homelatestnews",
    "pk": "519c588d-b4d4-4fe4-ba92-852503e47f0d",
    "fields": {
      "title": "Championship Finale",
      "sub_title": "JNTC Alumni Association: Connecting Past, Present, and Future",
      "description": "Alumni may be offered career development resources such as job postings, resume reviews, and mentoring programs",
      "date": "2023-06-23",
      "is_deleted": false
    }
  },
  {
    "model": "web.homelatestnews",
    "pk": "567d1002-f800-4e36-ac43-73af8d87824b",
    "fields": {
      "title": "Championship Finale",
      "sub_title": "JNTC Alumni Association: Connecting Past, Present, and Future",
      "description": "Alumni may be offered career development resources such as job postings, resume reviews, and mentoring programs",
      "date": "2023-06-23",
      "is_deleted": false
    }
  },
  {
    "model": "web.homelatestnews",
    "pk": "5748d009-9978-410f-bc96-95bbfc5e2a54",
    "fields": {
      "title": "Championship Finale",
      "sub_title": "JNTC Alumni Association: Connecting Past, Present, and Future",
      "description": "Alumni may be offered career development resources such as job postings, resume reviews, and mentoring programs",
      "date": "2023-06-23",
      "is_deleted": false
    }
  },
  {
    "model": "web.homelatestnews",
    "pk": "58baaed8-c893-4c87-ab87-dd2861fd356c",
    "fields": {
      "title": "Covid Update",
      "sub_title": "Jamia Nadawiyya Training College owes her genesis and efflorescence.",
      "description": "An opportunity for alumni to meet and connect with each other and potential employers or industry leaders",
      "date": "2023-06-05",
      "is_deleted": false
    }
  },
  {
    "model": "web.homelatestnews",
    "pk": "590676ee-8859-47f3-9c44-ccf24c791921",
    "fields": {
      "title": "Championship Finale",
      "sub_title": "JNTC Alumni Association: Connecting Past, Present, and Future",
      "description": "Alumni may be offered career development resources such as job postings, resume reviews, and mentoring programs",
      "date": "2023-06-23",
      "is_deleted": false
    }
  },
  {
    "model": "web.homelatestnews",
    "pk": "5a28645d-6c4c-4b74-9179-f021c07fd03a",
    "fields": {
      "title": "Covid Update",
      "sub_title": "Jamia Nadawiyya Training College owes her genesis and efflorescence.",
      "description": "An opportunity for alumni to meet and connect with each other and potential employers or industry leaders",
      "date": "2023-06-05",
      "is_deleted": false
    }
  },
  {
    "model": "web.homelatestnews",
    "pk": "5c856eac-4dc7-4785-b8b4-91f607f64f3f",
    "fields": {
      "title": "IGNOU December TEE 2022",
      "sub_title": "Jamia Nadawiyya Training College owes her genesis and efflorescence.",
      "description": "A gathering of former classmates or graduates, often organized on a regular basis, such as annually or every five years",
      "date": "2023-06-06",
      "is_deleted": false
    }
  },
  {
    "model": "web.homelatestnews",
    "pk": "606c8399-1799-46b6-b455-b83e934468c8",
    "fields": {
      "title": "Championship Finale",
      "sub_title": "JNTC Alumni Association: Connecting Past, Present, and Future",
      "description": "Alumni may be offered career development resources such as job postings, resume reviews, and mentoring programs",
      "date": "2023-06-23",
      "is_deleted": false
    }
  },
  {
    "model": "web.homelatestnews",
    "pk": "6855f4b2-0f34-41ad-a0bf-54330596894b",
    "fields": {
      "title": "IGNOU December TEE 2022",
      "sub_title": "Jamia Nadawiyya Training College owes her genesis and efflorescence.",
      "description": "A gathering of former classmates or graduates, often organized on a regular basis, such as annually or every five years",
      "date": "2023-06-06",
      "is_deleted": false
    }
  },
  {
    "model": "web.homelatestnews",
    "pk": "6ce24481-6ad7-4cfa-95a4-45b6084ee6ba",
    "fields": {
      "title": "IGNOU December TEE 2022",
      "sub_title": "Jamia Nadawiyya Training College owes her genesis and efflorescence.",
      "description": "A gathering of former classmates or graduates, often organized on a regular basis, such as annually or every five years",
      "date": "2023-06-06",
      "is_deleted": false
    }
  },
  {
    "model": "web.homelatestnews",
    "pk": "6f9b2dec-e015-42b2-83d4-1c56ac71f3ca",
    "fields": {
      "title": "IGNOU December TEE 2022",
      "sub_title": "Jamia Nadawiyya Training College owes her genesis and efflorescence.",
      "description": "A gathering of former classmates or graduates, often organized on a regular basis, such as annually or every five years",
      "date": "2023-06-06",
      "is_deleted": false
    }
  },
  {
    "model": "web.homelatestnews",
    "pk": "734f86fc-301f-4975-854d-ef37214b843f",
    "fields": {
      "title": "Championship Finale",
      "sub_title": "JNTC Alumni Association: Connecting Past, Present, and Future",
      "description": "Alumni may be offered career development resources such as job postings, resume reviews, and mentoring programs",
      "date": "2023-06-23",
      "is_deleted": false
    }
  },
  {
    "model": "web.homelatestnews",
    "pk": "779e41af-bc79-412e-8c02-a8f0ae7cba4f",
    "fields": {
      "title": "Covid Update",
      "sub_title": "Jamia Nadawiyya Training College owes her genesis and efflorescence.",
      "description": "An opportunity for alumni to meet and connect with each other and potential employers or industry leaders",
      "date": "2023-06-05",
      "is_deleted": false
    }
  },
  {
    "model": "web.homelatestnews",
    "pk": "7b26c9ae-7da2-4bbf-bf9f-38a5506d85c5",
    "fields": {
      "title": "Championship Finale",
      "sub_title": "JNTC Alumni Association: Connecting Past, Present, and Future",
      "description": "Alumni may be offered career development resources such as job postings, resume reviews, and mentoring programs",
      "date": "2023-06-23",
      "is_deleted": false
    }
  },
  {
    "model": "web.homelatestnews",
    "pk": "7d85431a-28b5-4c97-8477-c52d56003177",
    "fields": {
      "title": "Championship Finale",
      "sub_title": "JNTC Alumni Association: Connecting Past, Present, and Future",
      "description": "Alumni may be offered career development resources such as job postings, resume reviews, and mentoring programs",
      "date": "2023-06-23",
      "is_deleted": false
    }
  },
  {
    "model": "web.homelatestnews",
    "pk": "7eaef2e9-82c2-43b9-9a55-79a7464874d1",
    "fields": {
      "title": "Covid Update",
      "sub_title": "Jamia Nadawiyya Training College owes her genesis and efflorescence.",
      "description": "An opportunity for alumni to meet and connect with each other and potential employers or industry leaders",
      "date": "2023-06-05",
      "is_deleted": false
    }
  },
  {
    "model": "web.homelatestnews",
    "pk": "819b9569-989f-40d5-99c7-782d512f2bee",
    "fields": {
      "title": "Covid Update",
      "sub_title": "Jamia Nadawiyya Training College owes her genesis and efflorescence.",
      "description": "An opportunity for alumni to meet and connect with each other and potential employers or industry leaders",
      "date": "2023-06-05",
      "is_deleted": false
    }
  },
  {
    "model": "web.homelatestnews",
    "pk": "82845360-4c1e-4300-be00-124e92b234c3",
    "fields": {
      "title": "Covid Update",
      "sub_title": "Jamia Nadawiyya Training College owes her genesis and efflorescence.",
      "description": "An opportunity for alumni to meet and connect with each other and potential employers or industry leaders",
      "date": "2023-06-05",
      "is_deleted": false
    }
  },
  {
    "model": "web.homelatestnews",
    "pk": "8753f6cc-2eb3-4cfe-8b38-55837a028571",
    "fields": {
      "title": "IGNOU December TEE 2022",
      "sub_title": "Jamia Nadawiyya Training College owes her genesis and efflorescence.",
      "description": "A gathering of former classmates or graduates, often organized on a regular basis, such as annually or every five years",
      "date": "2023-06-06",
      "is_deleted": false
    }
  },
  {
    "model": "web.homelatestnews",
    "pk": "8a4f4051-dc38-4ec5-8665-b18876f389c8",
    "fields": {
      "title": "IGNOU December TEE 2022",
      "sub_title": "Jamia Nadawiyya Training College owes her genesis and efflorescence.",
      "description": "A gathering of former classmates or graduates, often organized on a regular basis, such as annually or every five years",
      "date": "2023-06-06",
      "is_deleted": false
    }
  },
  {
    "model": "web.homelatestnews",
    "pk": "8f1e3695-ab10-4750-8cc0-7563bf3c5441",
    "fields": {
      "title": "Championship Finale",
      "sub_title": "JNTC Alumni Association: Connecting Past, Present, and Future",
      "description": "Alumni may be offered career development resources such as job postings, resume reviews, and mentoring programs",
      "date": "2023-06-23",
      "is_deleted": false
    }
  },
  {
    "model": "web.homelatestnews",
    "pk": "901b5344-d8dc-4257-800d-a18b02ff978b",
    "fields": {
      "title": "IGNOU December TEE 2022",
      "sub_title": "Jamia Nadawiyya Training College owes her genesis and efflorescence.",
      "description": "A gathering of former classmates or graduates, often organized on a regular basis, such as annually or every five years",
      "date": "2023-06-06",
      "is_deleted": false
    }
  },
  {
    "model": "web.homelatestnews",
    "pk": "915e41df-96b6-4082-8f61-a4eb445f567c",
    "fields": {
      "title": "IGNOU December TEE 2022",
      "sub_title": "Jamia Nadawiyya Training College owes her genesis and efflorescence.",
      "description": "A gathering of former classmates or graduates, often organized on a regular basis, such as annually or every five years",
      "date": "2023-06-06",
      "is_deleted": false
    }
  },
  {
    "model": "web.homelatestnews",
    "pk": "9182a494-70bf-4d55-a312-c0b6c017ec3c",
    "fields": {
      "title": "Covid Update",
      "sub_title": "Jamia Nadawiyya Training College owes her genesis and efflorescence.",
      "description": "An opportunity for alumni to meet and connect with each other and potential employers or industry leaders",
      "date": "2023-06-05",
      "is_deleted": false
    }
  },
  {
    "model": "web.homelatestnews",
    "pk": "975352ae-a4fe-4f3c-92c1-22a982ab8c0b",
    "fields": {
      "title": "Championship Finale",
      "sub_title": "JNTC Alumni Association: Connecting Past, Present, and Future",
      "description": "Alumni may be offered career development resources such as job postings, resume reviews, and mentoring programs",
      "date": "2023-06-23",
      "is_deleted": false
    }
  },
  {
    "model": "web.homelatestnews",
    "pk": "98768689-5515-4cf6-b2bf-8dd112e457ef",
    "fields": {
      "title": "Covid Update",
      "sub_title": "Jamia Nadawiyya Training College owes her genesis and efflorescence.",
      "description": "An opportunity for alumni to meet and connect with each other and potential employers or industry leaders",
      "date": "2023-06-05",
      "is_deleted": false
    }
  },
  {
    "model": "web.homelatestnews",
    "pk": "98a1724b-1d0c-4dc0-9f35-01584bf26142",
    "fields": {
      "title": "Covid Update",
      "sub_title": "Jamia Nadawiyya Training College owes her genesis and efflorescence.",
      "description": "An opportunity for alumni to meet and connect with each other and potential employers or industry leaders",
      "date": "2023-06-05",
      "is_deleted": false
    }
  },
  {
    "model": "web.homelatestnews",
    "pk": "98f11f1c-61ad-4cdf-88d0-1d2c9b364ec9",
    "fields": {
      "title": "Covid Update",
      "sub_title": "Jamia Nadawiyya Training College owes her genesis and efflorescence.",
      "description": "An opportunity for alumni to meet and connect with each other and potential employers or industry leaders",
      "date": "2023-06-05",
      "is_deleted": false
    }
  },
  {
    "model": "web.homelatestnews",
    "pk": "9c2acf21-31f0-4fd0-a034-cff2f6ea3e4e",
    "fields": {
      "title": "IGNOU December TEE 2022",
      "sub_title": "Jamia Nadawiyya Training College owes her genesis and efflorescence.",
      "description": "A gathering of former classmates or graduates, often organized on a regular basis, such as annually or every five years",
      "date": "2023-06-06",
      "is_deleted": false
    }
  },
  {
    "model": "web.homelatestnews",
    "pk": "9fd195d6-6026-44a7-81a9-bc8dbb69e13b",
    "fields": {
      "title": "Covid Update",
      "sub_title": "Jamia Nadawiyya Training College owes her genesis and efflorescence.",
      "description": "An opportunity for alumni to meet and connect with each other and potential employers or industry leaders",
      "date": "2023-06-05",
      "is_deleted": false
    }
  },
  {
    "model": "web.homelatestnews",
    "pk": "a3cec507-f57d-4fc2-bc20-2da58046d0db",
    "fields": {
      "title": "IGNOU December TEE 2022",
      "sub_title": "Jamia Nadawiyya Training College owes her genesis and efflorescence.",
      "description": "A gathering of former classmates or graduates, often organized on a regular basis, such as annually or every five years",
      "date": "2023-06-06",
      "is_deleted": false
    }
  },
  {
    "model": "web.homelatestnews",
    "pk": "a3df203e-932d-4ce1-b12c-5b4010473626",
    "fields": {
      "title": "IGNOU December TEE 2022",
      "sub_title": "Jamia Nadawiyya Training College owes her genesis and efflorescence.",
      "description": "A gathering of former classmates or graduates, often organized on a regular basis, such as annually or every five years",
      "date": "2023-06-06",
      "is_deleted": false
    }
  },
  {
    "model": "web.homelatestnews",
    "pk": "a408582c-9452-412f-9ad0-818adb79c226",
    "fields": {
      "title": "Covid Update",
      "sub_title": "Jamia Nadawiyya Training College owes her genesis and efflorescence.",
      "description": "An opportunity for alumni to meet and connect with each other and potential employers or industry leaders",
      "date": "2023-06-05",
      "is_deleted": false
    }
  },
  {
    "model": "web.homelatestnews",
    "pk": "a4ce2a0f-c990-4c78-ae33-7edab7f3370e",
    "fields": {
      "title": "Covid Update",
      "sub_title": "Jamia Nadawiyya Training College owes her genesis and efflorescence.",
      "description": "An opportunity for alumni to meet and connect with each other and potential employers or industry leaders",
      "date": "2023-06-05",
      "is_deleted": false
    }
  },
  {
    "model": "web.homelatestnews",
    "pk": "a5684ee6-fdcb-4642-ba59-5ea0c7904869",
    "fields": {
      "title": "Championship Finale",
      "sub_title": "JNTC Alumni Association: Connecting Past, Present, and Future",
      "description": "Alumni may be offered career development resources such as job postings, resume reviews, and mentoring programs",
      "date": "2023-06-23",
      "is_deleted": false
    }
  },
  {
    "model": "web.homelatestnews",
    "pk": "a9309075-30f0-4085-a3cc-772313343a1a",
    "fields": {
      "title": "Championship Finale",
      "sub_title": "JNTC Alumni Association: Connecting Past, Present, and Future",
      "description": "Alumni may be offered career development resources such as job postings, resume reviews, and mentoring programs",
      "date": "2023-06-23",
      "is_deleted": false
    }
  },
  {
    "model": "web.homelatestnews",
    "pk": "a95b5108-635d-42c8-9ef8-fc0847aff4ef",
    "fields": {
      "title": "IGNOU December TEE 2022",
      "sub_title": "Jamia Nadawiyya Training College owes her genesis and efflorescence.",
      "description": "A gathering of former classmates or graduates, often organized on a regular basis, such as annually or every five years",
      "date": "2023-06-06",
      "is_deleted": false
    }
  },
  {
    "model": "web.homelatestnews",
    "pk": "ad390aed-d9b3-4256-b6e1-be6ab08fcb34",
    "fields": {
      "title": "IGNOU December TEE 2022",
      "sub_title": "Jamia Nadawiyya Training College owes her genesis and efflorescence.",
      "description": "A gathering of former classmates or graduates, often organized on a regular basis, such as annually or every five years",
      "date": "2023-06-06",
      "is_deleted": false
    }
  },
  {
    "model": "web.homelatestnews",
    "pk": "ae7851c0-f49b-425d-a9c3-69e221302f8f",
    "fields": {
      "title": "IGNOU December TEE 2022",
      "sub_title": "Jamia Nadawiyya Training College owes her genesis and efflorescence.",
      "description": "A gathering of former classmates or graduates, often organized on a regular basis, such as annually or every five years",
      "date": "2023-06-06",
      "is_deleted": false
    }
  },
  {
    "model": "web.homelatestnews",
    "pk": "b24ef342-4521-4307-a632-4e69caf2b3cb",
    "fields": {
      "title": "IGNOU December TEE 2022",
      "sub_title": "Jamia Nadawiyya Training College owes her genesis and efflorescence.",
      "description": "A gathering of former classmates or graduates, often organized on a regular basis, such as annually or every five years",
      "date": "2023-06-06",
      "is_deleted": false
    }
  },
  {
    "model": "web.homelatestnews",
    "pk": "b2d17ea2-c2fe-44ca-91a3-a9fd79eb8d12",
    "fields": {
      "title": "IGNOU December TEE 2022",
      "sub_title": "Jamia Nadawiyya Training College owes her genesis and efflorescence.",
      "description": "A gathering of former classmates or graduates, often organized on a regular basis, such as annually or every five years",
      "date": "2023-06-06",
      "is_deleted": false
    }
  },
  {
    "model": "web.homelatestnews",
    "pk": "bdb3f59e-e38c-4b51-ad8b-338dfce2c0d6",
    "fields": {
      "title": "IGNOU December TEE 2022",
      "sub_title": "Jamia Nadawiyya Training College owes her genesis and efflorescence.",
      "description": "A gathering of former classmates or graduates, often organized on a regular basis, such as annually or every five years",
      "date": "2023-06-06",
      "is_deleted": false
    }
  },
  {
    "model": "web.homelatestnews",
    "pk": "c36036a8-0a2a-4c43-a7b2-511cf2ced3ba",
    "fields": {
      "title": "IGNOU December TEE 2022",
      "sub_title": "Jamia Nadawiyya Training College owes her genesis and efflorescence.",
      "description": "A gathering of former classmates or graduates, often organized on a regular basis, such as annually or every five years",
      "date": "2023-06-06",
      "is_deleted": false
    }
  },
  {
    "model": "web.homelatestnews",
    "pk": "ca7c23fb-b130-4907-90cc-74f7d1b56acc",
    "fields": {
      "title": "Championship Finale",
      "sub_title": "JNTC Alumni Association: Connecting Past, Present, and Future",
      "description": "Alumni may be offered career development resources such as job postings, resume reviews, and mentoring programs",
      "date": "2023-06-23",
      "is_deleted": false
    }
  },
  {
    "model": "web.homelatestnews",
    "pk": "cf56abb1-904f-4221-b8a8-582645f59351",
    "fields": {
      "title": "Covid Update",
      "sub_title": "Jamia Nadawiyya Training College owes her genesis and efflorescence.",
      "description": "An opportunity for alumni to meet and connect with each other and potential employers or industry leaders",
      "date": "2023-06-05",
      "is_deleted": false
    }
  },
  {
    "model": "web.homelatestnews",
    "pk": "d0572b89-4bbf-44c4-b90c-914e77c839d7",
    "fields": {
      "title": "Covid Update",
      "sub_title": "Jamia Nadawiyya Training College owes her genesis and efflorescence.",
      "description": "An opportunity for alumni to meet and connect with each other and potential employers or industry leaders",
      "date": "2023-06-05",
      "is_deleted": false
    }
  },
  {
    "model": "web.homelatestnews",
    "pk": "d1423799-81bd-4470-a15c-1bbce1b78613",
    "fields": {
      "title": "Championship Finale",
      "sub_title": "JNTC Alumni Association: Connecting Past, Present, and Future",
      "description": "Alumni may be offered career development resources such as job postings, resume reviews, and mentoring programs",
      "date": "2023-06-23",
      "is_deleted": false
    }
  },
  {
    "model": "web.homelatestnews",
    "pk": "d4f50726-1955-4fe6-9fbe-7da8bf159de7",
    "fields": {
      "title": "IGNOU December TEE 2022",
      "sub_title": "Jamia Nadawiyya Training College owes her genesis and efflorescence.",
      "description": "A gathering of former classmates or graduates, often organized on a regular basis, such as annually or every five years",
      "date": "2023-06-06",
      "is_deleted": false
    }
  },
  {
    "model": "web.homelatestnews",
    "pk": "d8f76b51-5c4f-425a-8d7a-05a391e7ecb2",
    "fields": {
      "title": "Covid Update",
      "sub_title": "Jamia Nadawiyya Training College owes her genesis and efflorescence.",
      "description": "An opportunity for alumni to meet and connect with each other and potential employers or industry leaders",
      "date": "2023-06-05",
      "is_deleted": false
    }
  },
  {
    "model": "web.homelatestnews",
    "pk": "d9b9ed6a-639d-46e1-8809-54661a174067",
    "fields": {
      "title": "Championship Finale",
      "sub_title": "JNTC Alumni Association: Connecting Past, Present, and Future",
      "description": "Alumni may be offered career development resources such as job postings, resume reviews, and mentoring programs",
      "date": "2023-06-23",
      "is_deleted": false
    }
  },
  {
    "model": "web.homelatestnews",
    "pk": "db21ba4c-c471-48fe-a574-06ed395d241f",
    "fields": {
      "title": "Covid Update",
      "sub_title": "Jamia Nadawiyya Training College owes her genesis and efflorescence.",
      "description": "An opportunity for alumni to meet and connect with each other and potential employers or industry leaders",
      "date": "2023-06-05",
      "is_deleted": false
    }
  },
  {
    "model": "web.homelatestnews",
    "pk": "dbf79970-6e1e-46a5-8ab4-4968ece382a5",
    "fields": {
      "title": "Covid Update",
      "sub_title": "Jamia Nadawiyya Training College owes her genesis and efflorescence.",
      "description": "An opportunity for alumni to meet and connect with each other and potential employers or industry leaders",
      "date": "2023-06-05",
      "is_deleted": false
    }
  },
  {
    "model": "web.homelatestnews",
    "pk": "e2a9102e-211a-4de2-9638-e722e8eb51f5",
    "fields": {
      "title": "IGNOU December TEE 2022",
      "sub_title": "Jamia Nadawiyya Training College owes her genesis and efflorescence.",
      "description": "A gathering of former classmates or graduates, often organized on a regular basis, such as annually or every five years",
      "date": "2023-06-06",
      "is_deleted": false
    }
  },
  {
    "model": "web.homelatestnews",
    "pk": "e763b952-eaca-4f18-80c9-79a9d0598153",
    "fields": {
      "title": "Championship Finale",
      "sub_title": "JNTC Alumni Association: Connecting Past, Present, and Future",
      "description": "Alumni may be offered career development resources such as job postings, resume reviews, and mentoring programs",
      "date": "2023-06-23",
      "is_deleted": false
    }
  },
  {
    "model": "web.homelatestnews",
    "pk": "e9211202-937c-4f37-9290-eca51da5f120",
    "fields": {
      "title": "Covid Update",
      "sub_title": "Jamia Nadawiyya Training College owes her genesis and efflorescence.",
      "description": "An opportunity for alumni to meet and connect with each other and potential employers or industry leaders",
      "date": "2023-06-05",
      "is_deleted": false
    }
  },
  {
    "model": "web.homelatestnews",
    "pk": "ea848f4b-8f06-4df7-89f1-2a46fb7e6e59",
    "fields": {
      "title": "IGNOU December TEE 2022",
      "sub_title": "Jamia Nadawiyya Training College owes her genesis and efflorescence.",
      "description": "A gathering of former classmates or graduates, often organized on a regular basis, such as annually or every five years",
      "date": "2023-06-06",
      "is_deleted": false
    }
  },
  {
    "model": "web.homelatestnews",
    "pk": "ed3c4d3e-881f-4622-81e1-1649dabf96e0",
    "fields": {
      "title": "Championship Finale",
      "sub_title": "JNTC Alumni Association: Connecting Past, Present, and Future",
      "description": "Alumni may be offered career development resources such as job postings, resume reviews, and mentoring programs",
      "date": "2023-06-23",
      "is_deleted": false
    }
  },
  {
    "model": "web.homelatestnews",
    "pk": "f2f188e4-8e40-4adb-b9a9-60f3cdf48f36",
    "fields": {
      "title": "Championship Finale",
      "sub_title": "JNTC Alumni Association: Connecting Past, Present, and Future",
      "description": "Alumni may be offered career development resources such as job postings, resume reviews, and mentoring programs",
      "date": "2023-06-23",
      "is_deleted": false
    }
  },
  {
    "model": "web.homelatestnews",
    "pk": "f5055995-83be-4abc-bf51-6ed6f9ecf72c",
    "fields": {
      "title": "Covid Update",
      "sub_title": "Jamia Nadawiyya Training College owes her genesis and efflorescence.",
      "description": "An opportunity for alumni to meet and connect with each other and potential employers or industry leaders",
      "date": "2023-06-05",
      "is_deleted": false
    }
  },
  {
    "model": "web.homelatestnews",
    "pk": "f580030b-1fc9-44aa-960d-4dbcb668d276",
    "fields": {
      "title": "Championship Finale",
      "sub_title": "JNTC Alumni Association: Connecting Past, Present, and Future",
      "description": "Alumni may be offered career development resources such as job postings, resume reviews, and mentoring programs",
      "date": "2023-06-23",
      "is_deleted": false
    }
  },
  {
    "model": "web.homelatestnews",
    "pk": "fcc64727-ea42-4a24-aa30-9c57cf3e9a06",
    "fields": {
      "title": "IGNOU December TEE 2022",
      "sub_title": "Jamia Nadawiyya Training College owes her genesis and efflorescence.",
      "description": "A gathering of former classmates or graduates, often organized on a regular basis, such as annually or every five years",
      "date": "2023-06-06",
      "is_deleted": false
    }
  },
  {
    "model": "web.homelatestnews",
    "pk": "fcf628dd-73eb-42fe-b056-4c18302ef397",
    "fields": {
      "title": "IGNOU December TEE 2022",
      "sub_title": "Jamia Nadawiyya Training College owes her genesis and efflorescence.",
      "description": "A gathering of former classmates or graduates, often organized on a regular basis, such as annually or every five years",
      "date": "2023-06-06",
      "is_deleted": false
    }
  },
  {
    "model": "web.homelatestnews",
    "pk": "fd2d4b4d-86ec-469d-bb1d-e6b273b92ed9",
    "fields": {
      "title": "IGNOU December TEE 2022",
      "sub_title": "Jamia Nadawiyya Training College owes her genesis and efflorescence.",
      "description": "A gathering of former classmates or graduates, often organized on a regular basis, such as annually or every five years",
      "date": "2023-06-06",
      "is_deleted": false
    }
  },
  {
    "model": "web.homelatestnews",
    "pk": "fd412070-6bb5-4125-b5be-b869d5750b7a",
    "fields": {
      "title": "Covid Update",
      "sub_title": "Jamia Nadawiyya Training College owes her genesis and efflorescence.",
      "description": "An opportunity for alumni to meet and connect with each other and potential employers or industry leaders",
      "date": "2023-06-05",
      "is_deleted": false
    }
  },
  {
    "model": "web.homelatestnews",
    "pk": "febfea44-33c6-4149-bd0a-6f6a96f8ebed",
    "fields": {
      "title": "IGNOU December TEE 2022",
      "sub_title": "Jamia Nadawiyya Training College owes her genesis and efflorescence.",
      "description": "A gathering of former classmates or graduates, often organized on a regular basis, such as annually or every five years",
      "date": "2023-06-06",
      "is_deleted": false
    }
  },
  {
    "model": "web.homelatestnews",
    "pk": "fee126a4-6cd2-4548-a904-3310825cab0a",
    "fields": {
      "title": "Covid Update",
      "sub_title": "Jamia Nadawiyya Training College owes her genesis and efflorescence.",
      "description": "An opportunity for alumni to meet and connect with each other and potential employers or industry leaders",
      "date": "2023-06-05",
      "is_deleted": false
    }
  },
  {
    "model": "web.homelatestnewsgallery",
    "pk": 1,
    "fields": {
      "news": "c36036a8-0a2a-4c43-a7b2-511cf2ced3ba",
      "image": "home/news_and_events/latest_news/images/Rectangle_33_8.jpg"
    }
  },
  {
    "model": "web.homelatestnewsgallery",
    "pk": 2,
    "fields": {
      "news": "c36036a8-0a2a-4c43-a7b2-511cf2ced3ba",
      "image": "home/news_and_events/latest_news/images/Rectangle_33_9.jpg"
    }
  },
  {
    "model": "web.homelatestnewsgallery",
    "pk": 3,
    "fields": {
      "news": "c36036a8-0a2a-4c43-a7b2-511cf2ced3ba",
      "image": "home/news_and_events/latest_news/images/Rectangle_33_6.jpg"
    }
  },
  {
    "model": "web.homelatestnewsgallery",
    "pk": 4,
    "fields": {
      "news": "e9211202-937c-4f37-9290-eca51da5f120",
      "image": "home/news_and_events/latest_news/images/Rectangle_33_6_e5EkssN.jpg"
    }
  },
  {
    "model": "web.homelatestnewsgallery",
    "pk": 5,
    "fields": {
      "news": "e9211202-937c-4f37-9290-eca51da5f120",
      "image": "home/news_and_events/latest_news/images/Rectangle_33_11.jpg"
    }
  },
  {
    "model": "web.homelatestnewsgallery",
    "pk": 6,
    "fields": {
      "news": "e9211202-937c-4f37-9290-eca51da5f120",
      "image": "home/news_and_events/latest_news/images/Rectangle_33_10.jpg"
    }
  },
  {
    "model": "web.homelatestnewsgallery",
    "pk": 7,
    "fields": {
      "news": "7b26c9ae-7da2-4bbf-bf9f-38a5506d85c5",
      "image": "home/news_and_events/latest_news/images/Rectangle_33_10_jnkRENH.jpg"
    }
  },
  {
    "model": "web.homelatestnewsgallery",
    "pk": 8,
    "fields": {
      "news": "7b26c9ae-7da2-4bbf-bf9f-38a5506d85c5",
      "image": "home/news_and_events/latest_news/images/Rectangle_33_8_YTEyzVc.jpg"
    }
  },
  {
    "model": "web.homelatestnewsgallery",
    "pk": 9,
    "fields": {
      "news": "7b26c9ae-7da2-4bbf-bf9f-38a5506d85c5",
      "image": "home/news_and_events/latest_news/images/Rectangle_33_9_eC22QCu.jpg"
    }
  },
  {
    "model": "web.homelatestnewsgallery",
    "pk": 10,
    "fields": {
      "news": "a9309075-30f0-4085-a3cc-772313343a1a",
      "image": "home/news_and_events/latest_news/images/Rectangle_33_10_jnkRENH.jpg"
    }
  },
  {
    "model": "web.homelatestnewsgallery",
    "pk": 11,
    "fields": {
      "news": "a9309075-30f0-4085-a3cc-772313343a1a",
      "image": "home/news_and_events/latest_news/images/Rectangle_33_8_YTEyzVc.jpg"
    }
  },
  {
    "model": "web.homelatestnewsgallery",
    "pk": 12,
    "fields": {
      "news": "a9309075-30f0-4085-a3cc-772313343a1a",
      "image": "home/news_and_events/latest_news/images/Rectangle_33_9_eC22QCu.jpg"
    }
  },
  {
    "model": "web.homelatestnewsgallery",
    "pk": 13,
    "fields": {
      "news": "b2d17ea2-c2fe-44ca-91a3-a9fd79eb8d12",
      "image": "home/news_and_events/latest_news/images/Rectangle_33_8.jpg"
    }
  },
  {
    "model": "web.homelatestnewsgallery",
    "pk": 14,
    "fields": {
      "news": "b2d17ea2-c2fe-44ca-91a3-a9fd79eb8d12",
      "image": "home/news_and_events/latest_news/images/Rectangle_33_9.jpg"
    }
  },
  {
    "model": "web.homelatestnewsgallery",
    "pk": 15,
    "fields": {
      "news": "b2d17ea2-c2fe-44ca-91a3-a9fd79eb8d12",
      "image": "home/news_and_events/latest_news/images/Rectangle_33_6.jpg"
    }
  },
  {
    "model": "web.homelatestnewsgallery",
    "pk": 16,
    "fields": {
      "news": "fd412070-6bb5-4125-b5be-b869d5750b7a",
      "image": "home/news_and_events/latest_news/images/Rectangle_33_6_e5EkssN.jpg"
    }
  },
  {
    "model": "web.homelatestnewsgallery",
    "pk": 17,
    "fields": {
      "news": "fd412070-6bb5-4125-b5be-b869d5750b7a",
      "image": "home/news_and_events/latest_news/images/Rectangle_33_11.jpg"
    }
  },
  {
    "model": "web.homelatestnewsgallery",
    "pk": 18,
    "fields": {
      "news": "fd412070-6bb5-4125-b5be-b869d5750b7a",
      "image": "home/news_and_events/latest_news/images/Rectangle_33_10.jpg"
    }
  },
  {
    "model": "web.homelatestnewsgallery",
    "pk": 19,
    "fields": {
      "news": "734f86fc-301f-4975-854d-ef37214b843f",
      "image": "home/news_and_events/latest_news/images/Rectangle_33_10_jnkRENH.jpg"
    }
  },
  {
    "model": "web.homelatestnewsgallery",
    "pk": 20,
    "fields": {
      "news": "734f86fc-301f-4975-854d-ef37214b843f",
      "image": "home/news_and_events/latest_news/images/Rectangle_33_8_YTEyzVc.jpg"
    }
  },
  {
    "model": "web.homelatestnewsgallery",
    "pk": 21,
    "fields": {
      "news": "734f86fc-301f-4975-854d-ef37214b843f",
      "image": "home/news_and_events/latest_news/images/Rectangle_33_9_eC22QCu.jpg"
    }
  },
  {
    "model": "web.homelatestnewsgallery",
    "pk": 22,
    "fields": {
      "news": "975352ae-a4fe-4f3c-92c1-22a982ab8c0b",
      "image": "home/news_and_events/latest_news/images/Rectangle_33_10_jnkRENH.jpg"
    }
  },
  {
    "model": "web.homelatestnewsgallery",
    "pk": 23,
    "fields": {
      "news": "975352ae-a4fe-4f3c-92c1-22a982ab8c0b",
      "image": "home/news_and_events/latest_news/images/Rectangle_33_8_YTEyzVc.jpg"
    }
  },
  {
    "model": "web.homelatestnewsgallery",
    "pk": 24,
    "fields": {
      "news": "975352ae-a4fe-4f3c-92c1-22a982ab8c0b",
      "image": "home/news_and_events/latest_news/images/Rectangle_33_9_eC22QCu.jpg"
    }
  },
  {
    "model": "web.homelatestnewsgallery",
    "pk": 25,
    "fields": {
      "news": "915e41df-96b6-4082-8f61-a4eb445f567c",
      "image": "home/news_and_events/latest_news/images/Rectangle_33_8.jpg"
    }
  },
  {
    "model": "web.homelatestnewsgallery",
    "pk": 26,
    "fields": {
      "news": "915e41df-96b6-4082-8f61-a4eb445f567c",
      "image": "home/news_and_events/latest_news/images/Rectangle_33_9.jpg"
    }
  },
  {
    "model": "web.homelatestnewsgallery",
    "pk": 27,
    "fields": {
      "news": "915e41df-96b6-4082-8f61-a4eb445f567c",
      "image": "home/news_and_events/latest_news/images/Rectangle_33_6.jpg"
    }
  },
  {
    "model": "web.homelatestnewsgallery",
    "pk": 28,
    "fields": {
      "news": "b24ef342-4521-4307-a632-4e69caf2b3cb",
      "image": "home/news_and_events/latest_news/images/Rectangle_33_8.jpg"
    }
  },
  {
    "model": "web.homelatestnewsgallery",
    "pk": 29,
    "fields": {
      "news": "b24ef342-4521-4307-a632-4e69caf2b3cb",
      "image": "home/news_and_events/latest_news/images/Rectangle_33_9.jpg"
    }
  },
  {
    "model": "web.homelatestnewsgallery",
    "pk": 30,
    "fields": {
      "news": "b24ef342-4521-4307-a632-4e69caf2b3cb",
      "image": "home/news_and_events/latest_news/images/Rectangle_33_6.jpg"
    }
  },
  {
    "model": "web.homelatestnewsgallery",
    "pk": 31,
    "fields": {
      "news": "db21ba4c-c471-48fe-a574-06ed395d241f",
      "image": "home/news_and_events/latest_news/images/Rectangle_33_6_e5EkssN.jpg"
    }
  },
  {
    "model": "web.homelatestnewsgallery",
    "pk": 32,
    "fields": {
      "news": "db21ba4c-c471-48fe-a574-06ed395d241f",
      "image": "home/news_and_events/latest_news/images/Rectangle_33_11.jpg"
    }
  },
  {
    "model": "web.homelatestnewsgallery",
    "pk": 33,
    "fields": {
      "news": "db21ba4c-c471-48fe-a574-06ed395d241f",
      "image": "home/news_and_events/latest_news/images/Rectangle_33_10.jpg"
    }
  },
  {
    "model": "web.homelatestnewsgallery",
    "pk": 34,
    "fields": {
      "news": "f5055995-83be-4abc-bf51-6ed6f9ecf72c",
      "image": "home/news_and_events/latest_news/images/Rectangle_33_6_e5EkssN.jpg"
    }
  },
  {
    "model": "web.homelatestnewsgallery",
    "pk": 35,
    "fields": {
      "news": "f5055995-83be-4abc-bf51-6ed6f9ecf72c",
      "image": "home/news_and_events/latest_news/images/Rectangle_33_11.jpg"
    }
  },
  {
    "model": "web.homelatestnewsgallery",
    "pk": 36,
    "fields": {
      "news": "f5055995-83be-4abc-bf51-6ed6f9ecf72c",
      "image": "home/news_and_events/latest_news/images/Rectangle_33_10.jpg"
    }
  },
  {
    "model": "web.homelatestnewsgallery",
    "pk": 37,
    "fields": {
      "news": "ed3c4d3e-881f-4622-81e1-1649dabf96e0",
      "image": "home/news_and_events/latest_news/images/Rectangle_33_10_jnkRENH.jpg"
    }
  },
  {
    "model": "web.homelatestnewsgallery",
    "pk": 38,
    "fields": {
      "news": "ed3c4d3e-881f-4622-81e1-1649dabf96e0",
      "image": "home/news_and_events/latest_news/images/Rectangle_33_8_YTEyzVc.jpg"
    }
  },
  {
    "model": "web.homelatestnewsgallery",
    "pk": 39,
    "fields": {
      "news": "ed3c4d3e-881f-4622-81e1-1649dabf96e0",
      "image": "home/news_and_events/latest_news/images/Rectangle_33_9_eC22QCu.jpg"
    }
  },
  {
    "model": "web.homelatestnewsgallery",
    "pk": 40,
    "fields": {
      "news": "590676ee-8859-47f3-9c44-ccf24c791921",
      "image": "home/news_and_events/latest_news/images/Rectangle_33_10_jnkRENH.jpg"
    }
  },
  {
    "model": "web.homelatestnewsgallery",
    "pk": 41,
    "fields": {
      "news": "590676ee-8859-47f3-9c44-ccf24c791921",
      "image": "home/news_and_events/latest_news/images/Rectangle_33_8_YTEyzVc.jpg"
    }
  },
  {
    "model": "web.homelatestnewsgallery",
    "pk": 42,
    "fields": {
      "news": "590676ee-8859-47f3-9c44-ccf24c791921",
      "image": "home/news_and_events/latest_news/images/Rectangle_33_9_eC22QCu.jpg"
    }
  },
  {
    "model": "web.homelatestnewsgallery",
    "pk": 43,
    "fields": {
      "news": "116bcb47-41c5-4c7b-8bc3-2ab2c57aa6fd",
      "image": "home/news_and_events/latest_news/images/Rectangle_33_10_jnkRENH.jpg"
    }
  },
  {
    "model": "web.homelatestnewsgallery",
    "pk": 44,
    "fields": {
      "news": "116bcb47-41c5-4c7b-8bc3-2ab2c57aa6fd",
      "image": "home/news_and_events/latest_news/images/Rectangle_33_8_YTEyzVc.jpg"
    }
  },
  {
    "model": "web.homelatestnewsgallery",
    "pk": 45,
    "fields": {
      "news": "116bcb47-41c5-4c7b-8bc3-2ab2c57aa6fd",
      "image": "home/news_and_events/latest_news/images/Rectangle_33_9_eC22QCu.jpg"
    }
  },
  {
    "model": "web.homelatestnewsgallery",
    "pk": 46,
    "fields": {
      "news": "34d80dd6-c37b-4476-9a39-c538e2cae5db",
      "image": "home/news_and_events/latest_news/images/Rectangle_33_10_jnkRENH.jpg"
    }
  },
  {
    "model": "web.homelatestnewsgallery",
    "pk": 47,
    "fields": {
      "news": "34d80dd6-c37b-4476-9a39-c538e2cae5db",
      "image": "home/news_and_events/latest_news/images/Rectangle_33_8_YTEyzVc.jpg"
    }
  },
  {
    "model": "web.homelatestnewsgallery",
    "pk": 48,
    "fields": {
      "news": "34d80dd6-c37b-4476-9a39-c538e2cae5db",
      "image": "home/news_and_events/latest_news/images/Rectangle_33_9_eC22QCu.jpg"
    }
  },
  {
    "model": "web.homelatestnewsgallery",
    "pk": 49,
    "fields": {
      "news": "d4f50726-1955-4fe6-9fbe-7da8bf159de7",
      "image": "home/news_and_events/latest_news/images/Rectangle_33_8.jpg"
    }
  },
  {
    "model": "web.homelatestnewsgallery",
    "pk": 50,
    "fields": {
      "news": "d4f50726-1955-4fe6-9fbe-7da8bf159de7",
      "image": "home/news_and_events/latest_news/images/Rectangle_33_9.jpg"
    }
  },
  {
    "model": "web.homelatestnewsgallery",
    "pk": 51,
    "fields": {
      "news": "d4f50726-1955-4fe6-9fbe-7da8bf159de7",
      "image": "home/news_and_events/latest_news/images/Rectangle_33_6.jpg"
    }
  },
  {
    "model": "web.homelatestnewsgallery",
    "pk": 52,
    "fields": {
      "news": "6855f4b2-0f34-41ad-a0bf-54330596894b",
      "image": "home/news_and_events/latest_news/images/Rectangle_33_8.jpg"
    }
  },
  {
    "model": "web.homelatestnewsgallery",
    "pk": 53,
    "fields": {
      "news": "6855f4b2-0f34-41ad-a0bf-54330596894b",
      "image": "home/news_and_events/latest_news/images/Rectangle_33_9.jpg"
    }
  },
  {
    "model": "web.homelatestnewsgallery",
    "pk": 54,
    "fields": {
      "news": "6855f4b2-0f34-41ad-a0bf-54330596894b",
      "image": "home/news_and_events/latest_news/images/Rectangle_33_6.jpg"
    }
  },
  {
    "model": "web.homelatestnewsgallery",
    "pk": 55,
    "fields": {
      "news": "ad390aed-d9b3-4256-b6e1-be6ab08fcb34",
      "image": "home/news_and_events/latest_news/images/Rectangle_33_8.jpg"
    }
  },
  {
    "model": "web.homelatestnewsgallery",
    "pk": 56,
    "fields": {
      "news": "ad390aed-d9b3-4256-b6e1-be6ab08fcb34",
      "image": "home/news_and_events/latest_news/images/Rectangle_33_9.jpg"
    }
  },
  {
    "model": "web.homelatestnewsgallery",
    "pk": 57,
    "fields": {
      "news": "ad390aed-d9b3-4256-b6e1-be6ab08fcb34",
      "image": "home/news_and_events/latest_news/images/Rectangle_33_6.jpg"
    }
  },
  {
    "model": "web.homelatestnewsgallery",
    "pk": 58,
    "fields": {
      "news": "fcf628dd-73eb-42fe-b056-4c18302ef397",
      "image": "home/news_and_events/latest_news/images/Rectangle_33_8.jpg"
    }
  },
  {
    "model": "web.homelatestnewsgallery",
    "pk": 59,
    "fields": {
      "news": "fcf628dd-73eb-42fe-b056-4c18302ef397",
      "image": "home/news_and_events/latest_news/images/Rectangle_33_9.jpg"
    }
  },
  {
    "model": "web.homelatestnewsgallery",
    "pk": 60,
    "fields": {
      "news": "fcf628dd-73eb-42fe-b056-4c18302ef397",
      "image": "home/news_and_events/latest_news/images/Rectangle_33_6.jpg"
    }
  },
  {
    "model": "web.homelatestnewsgallery",
    "pk": 61,
    "fields": {
      "news": "d8f76b51-5c4f-425a-8d7a-05a391e7ecb2",
      "image": "home/news_and_events/latest_news/images/Rectangle_33_6_e5EkssN.jpg"
    }
  },
  {
    "model": "web.homelatestnewsgallery",
    "pk": 62,
    "fields": {
      "news": "d8f76b51-5c4f-425a-8d7a-05a391e7ecb2",
      "image": "home/news_and_events/latest_news/images/Rectangle_33_11.jpg"
    }
  },
  {
    "model": "web.homelatestnewsgallery",
    "pk": 63,
    "fields": {
      "news": "d8f76b51-5c4f-425a-8d7a-05a391e7ecb2",
      "image": "home/news_and_events/latest_news/images/Rectangle_33_10.jpg"
    }
  },
  {
    "model": "web.homelatestnewsgallery",
    "pk": 64,
    "fields": {
      "news": "82845360-4c1e-4300-be00-124e92b234c3",
      "image": "home/news_and_events/latest_news/images/Rectangle_33_6_e5EkssN.jpg"
    }
  },
  {
    "model": "web.homelatestnewsgallery",
    "pk": 65,
    "fields": {
      "news": "82845360-4c1e-4300-be00-124e92b234c3",
      "image": "home/news_and_events/latest_news/images/Rectangle_33_11.jpg"
    }
  },
  {
    "model": "web.homelatestnewsgallery",
    "pk": 66,
    "fields": {
      "news": "82845360-4c1e-4300-be00-124e92b234c3",
      "image": "home/news_and_events/latest_news/images/Rectangle_33_10.jpg"
    }
  },
  {
    "model": "web.homelatestnewsgallery",
    "pk": 67,
    "fields": {
      "news": "9182a494-70bf-4d55-a312-c0b6c017ec3c",
      "image": "home/news_and_events/latest_news/images/Rectangle_33_6_e5EkssN.jpg"
    }
  },
  {
    "model": "web.homelatestnewsgallery",
    "pk": 68,
    "fields": {
      "news": "9182a494-70bf-4d55-a312-c0b6c017ec3c",
      "image": "home/news_and_events/latest_news/images/Rectangle_33_11.jpg"
    }
  },
  {
    "model": "web.homelatestnewsgallery",
    "pk": 69,
    "fields": {
      "news": "9182a494-70bf-4d55-a312-c0b6c017ec3c",
      "image": "home/news_and_events/latest_news/images/Rectangle_33_10.jpg"
    }
  },
  {
    "model": "web.homelatestnewsgallery",
    "pk": 70,
    "fields": {
      "news": "98768689-5515-4cf6-b2bf-8dd112e457ef",
      "image": "home/news_and_events/latest_news/images/Rectangle_33_6_e5EkssN.jpg"
    }
  },
  {
    "model": "web.homelatestnewsgallery",
    "pk": 71,
    "fields": {
      "news": "98768689-5515-4cf6-b2bf-8dd112e457ef",
      "image": "home/news_and_events/latest_news/images/Rectangle_33_11.jpg"
    }
  },
  {
    "model": "web.homelatestnewsgallery",
    "pk": 72,
    "fields": {
      "news": "98768689-5515-4cf6-b2bf-8dd112e457ef",
      "image": "home/news_and_events/latest_news/images/Rectangle_33_10.jpg"
    }
  },
  {
    "model": "web.homelatestnewsgallery",
    "pk": 73,
    "fields": {
      "news": "1e99ada8-3380-4455-9add-5016ea03313e",
      "image": "home/news_and_events/latest_news/images/Rectangle_33_10_jnkRENH.jpg"
    }
  },
  {
    "model": "web.homelatestnewsgallery",
    "pk": 74,
    "fields": {
      "news": "1e99ada8-3380-4455-9add-5016ea03313e",
      "image": "home/news_and_events/latest_news/images/Rectangle_33_8_YTEyzVc.jpg"
    }
  },
  {
    "model": "web.homelatestnewsgallery",
    "pk": 75,
    "fields": {
      "news": "1e99ada8-3380-4455-9add-5016ea03313e",
      "image": "home/news_and_events/latest_news/images/Rectangle_33_9_eC22QCu.jpg"
    }
  },
  {
    "model": "web.homelatestnewsgallery",
    "pk": 76,
    "fields": {
      "news": "3d01daba-df65-483f-9ac6-e9cf0b755117",
      "image": "home/news_and_events/latest_news/images/Rectangle_33_10_jnkRENH.jpg"
    }
  },
  {
    "model": "web.homelatestnewsgallery",
    "pk": 77,
    "fields": {
      "news": "3d01daba-df65-483f-9ac6-e9cf0b755117",
      "image": "home/news_and_events/latest_news/images/Rectangle_33_8_YTEyzVc.jpg"
    }
  },
  {
    "model": "web.homelatestnewsgallery",
    "pk": 78,
    "fields": {
      "news": "3d01daba-df65-483f-9ac6-e9cf0b755117",
      "image": "home/news_and_events/latest_news/images/Rectangle_33_9_eC22QCu.jpg"
    }
  },
  {
    "model": "web.homelatestnewsgallery",
    "pk": 79,
    "fields": {
      "news": "567d1002-f800-4e36-ac43-73af8d87824b",
      "image": "home/news_and_events/latest_news/images/Rectangle_33_10_jnkRENH.jpg"
    }
  },
  {
    "model": "web.homelatestnewsgallery",
    "pk": 80,
    "fields": {
      "news": "567d1002-f800-4e36-ac43-73af8d87824b",
      "image": "home/news_and_events/latest_news/images/Rectangle_33_8_YTEyzVc.jpg"
    }
  },
  {
    "model": "web.homelatestnewsgallery",
    "pk": 81,
    "fields": {
      "news": "567d1002-f800-4e36-ac43-73af8d87824b",
      "image": "home/news_and_events/latest_news/images/Rectangle_33_9_eC22QCu.jpg"
    }
  },
  {
    "model": "web.homelatestnewsgallery",
    "pk": 82,
    "fields": {
      "news": "d1423799-81bd-4470-a15c-1bbce1b78613",
      "image": "home/news_and_events/latest_news/images/Rectangle_33_10_jnkRENH.jpg"
    }
  },
  {
    "model": "web.homelatestnewsgallery",
    "pk": 83,
    "fields": {
      "news": "d1423799-81bd-4470-a15c-1bbce1b78613",
      "image": "home/news_and_events/latest_news/images/Rectangle_33_8_YTEyzVc.jpg"
    }
  },
  {
    "model": "web.homelatestnewsgallery",
    "pk": 84,
    "fields": {
      "news": "d1423799-81bd-4470-a15c-1bbce1b78613",
      "image": "home/news_and_events/latest_news/images/Rectangle_33_9_eC22QCu.jpg"
    }
  },
  {
    "model": "web.homelatestnewsgallery",
    "pk": 85,
    "fields": {
      "news": "076928b0-4b6a-4319-987c-f839cd71aa65",
      "image": "home/news_and_events/latest_news/images/Rectangle_33_10_jnkRENH.jpg"
    }
  },
  {
    "model": "web.homelatestnewsgallery",
    "pk": 86,
    "fields": {
      "news": "076928b0-4b6a-4319-987c-f839cd71aa65",
      "image": "home/news_and_events/latest_news/images/Rectangle_33_8_YTEyzVc.jpg"
    }
  },
  {
    "model": "web.homelatestnewsgallery",
    "pk": 87,
    "fields": {
      "news": "076928b0-4b6a-4319-987c-f839cd71aa65",
      "image": "home/news_and_events/latest_news/images/Rectangle_33_9_eC22QCu.jpg"
    }
  },
  {
    "model": "web.homelatestnewsgallery",
    "pk": 88,
    "fields": {
      "news": "38620caf-a33e-49df-9b15-6355253d9a35",
      "image": "home/news_and_events/latest_news/images/Rectangle_33_10_jnkRENH.jpg"
    }
  },
  {
    "model": "web.homelatestnewsgallery",
    "pk": 89,
    "fields": {
      "news": "38620caf-a33e-49df-9b15-6355253d9a35",
      "image": "home/news_and_events/latest_news/images/Rectangle_33_8_YTEyzVc.jpg"
    }
  },
  {
    "model": "web.homelatestnewsgallery",
    "pk": 90,
    "fields": {
      "news": "38620caf-a33e-49df-9b15-6355253d9a35",
      "image": "home/news_and_events/latest_news/images/Rectangle_33_9_eC22QCu.jpg"
    }
  },
  {
    "model": "web.homelatestnewsgallery",
    "pk": 91,
    "fields": {
      "news": "519c588d-b4d4-4fe4-ba92-852503e47f0d",
      "image": "home/news_and_events/latest_news/images/Rectangle_33_10_jnkRENH.jpg"
    }
  },
  {
    "model": "web.homelatestnewsgallery",
    "pk": 92,
    "fields": {
      "news": "519c588d-b4d4-4fe4-ba92-852503e47f0d",
      "image": "home/news_and_events/latest_news/images/Rectangle_33_8_YTEyzVc.jpg"
    }
  },
  {
    "model": "web.homelatestnewsgallery",
    "pk": 93,
    "fields": {
      "news": "519c588d-b4d4-4fe4-ba92-852503e47f0d",
      "image": "home/news_and_events/latest_news/images/Rectangle_33_9_eC22QCu.jpg"
    }
  },
  {
    "model": "web.homelatestnewsgallery",
    "pk": 94,
    "fields": {
      "news": "17f09251-4482-4c1d-822c-cd39afbb3f56",
      "image": "home/news_and_events/latest_news/images/Rectangle_33_10_jnkRENH.jpg"
    }
  },
  {
    "model": "web.homelatestnewsgallery",
    "pk": 95,
    "fields": {
      "news": "17f09251-4482-4c1d-822c-cd39afbb3f56",
      "image": "home/news_and_events/latest_news/images/Rectangle_33_8_YTEyzVc.jpg"
    }
  },
  {
    "model": "web.homelatestnewsgallery",
    "pk": 96,
    "fields": {
      "news": "17f09251-4482-4c1d-822c-cd39afbb3f56",
      "image": "home/news_and_events/latest_news/images/Rectangle_33_9_eC22QCu.jpg"
    }
  },
  {
    "model": "web.homelatestnewsgallery",
    "pk": 97,
    "fields": {
      "news": "6ce24481-6ad7-4cfa-95a4-45b6084ee6ba",
      "image": "home/news_and_events/latest_news/images/Rectangle_33_8.jpg"
    }
  },
  {
    "model": "web.homelatestnewsgallery",
    "pk": 98,
    "fields": {
      "news": "6ce24481-6ad7-4cfa-95a4-45b6084ee6ba",
      "image": "home/news_and_events/latest_news/images/Rectangle_33_9.jpg"
    }
  },
  {
    "model": "web.homelatestnewsgallery",
    "pk": 99,
    "fields": {
      "news": "6ce24481-6ad7-4cfa-95a4-45b6084ee6ba",
      "image": "home/news_and_events/latest_news/images/Rectangle_33_6.jpg"
    }
  },
  {
    "model": "web.homelatestnewsgallery",
    "pk": 100,
    "fields": {
      "news": "33105b2c-c87b-4926-8f14-79d4b304c170",
      "image": "home/news_and_events/latest_news/images/Rectangle_33_8.jpg"
    }
  },
  {
    "model": "web.homelatestnewsgallery",
    "pk": 101,
    "fields": {
      "news": "33105b2c-c87b-4926-8f14-79d4b304c170",
      "image": "home/news_and_events/latest_news/images/Rectangle_33_9.jpg"
    }
  },
  {
    "model": "web.homelatestnewsgallery",
    "pk": 102,
    "fields": {
      "news": "33105b2c-c87b-4926-8f14-79d4b304c170",
      "image": "home/news_and_events/latest_news/images/Rectangle_33_6.jpg"
    }
  },
  {
    "model": "web.homelatestnewsgallery",
    "pk": 103,
    "fields": {
      "news": "5c856eac-4dc7-4785-b8b4-91f607f64f3f",
      "image": "home/news_and_events/latest_news/images/Rectangle_33_8.jpg"
    }
  },
  {
    "model": "web.homelatestnewsgallery",
    "pk": 104,
    "fields": {
      "news": "5c856eac-4dc7-4785-b8b4-91f607f64f3f",
      "image": "home/news_and_events/latest_news/images/Rectangle_33_9.jpg"
    }
  },
  {
    "model": "web.homelatestnewsgallery",
    "pk": 105,
    "fields": {
      "news": "5c856eac-4dc7-4785-b8b4-91f607f64f3f",
      "image": "home/news_and_events/latest_news/images/Rectangle_33_6.jpg"
    }
  },
  {
    "model": "web.homelatestnewsgallery",
    "pk": 106,
    "fields": {
      "news": "ea848f4b-8f06-4df7-89f1-2a46fb7e6e59",
      "image": "home/news_and_events/latest_news/images/Rectangle_33_8.jpg"
    }
  },
  {
    "model": "web.homelatestnewsgallery",
    "pk": 107,
    "fields": {
      "news": "ea848f4b-8f06-4df7-89f1-2a46fb7e6e59",
      "image": "home/news_and_events/latest_news/images/Rectangle_33_9.jpg"
    }
  },
  {
    "model": "web.homelatestnewsgallery",
    "pk": 108,
    "fields": {
      "news": "ea848f4b-8f06-4df7-89f1-2a46fb7e6e59",
      "image": "home/news_and_events/latest_news/images/Rectangle_33_6.jpg"
    }
  },
  {
    "model": "web.homelatestnewsgallery",
    "pk": 109,
    "fields": {
      "news": "4b287f1c-6700-4230-9aa6-fe8dfebb8ae4",
      "image": "home/news_and_events/latest_news/images/Rectangle_33_8.jpg"
    }
  },
  {
    "model": "web.homelatestnewsgallery",
    "pk": 110,
    "fields": {
      "news": "4b287f1c-6700-4230-9aa6-fe8dfebb8ae4",
      "image": "home/news_and_events/latest_news/images/Rectangle_33_9.jpg"
    }
  },
  {
    "model": "web.homelatestnewsgallery",
    "pk": 111,
    "fields": {
      "news": "4b287f1c-6700-4230-9aa6-fe8dfebb8ae4",
      "image": "home/news_and_events/latest_news/images/Rectangle_33_6.jpg"
    }
  },
  {
    "model": "web.homelatestnewsgallery",
    "pk": 112,
    "fields": {
      "news": "e2a9102e-211a-4de2-9638-e722e8eb51f5",
      "image": "home/news_and_events/latest_news/images/Rectangle_33_8.jpg"
    }
  },
  {
    "model": "web.homelatestnewsgallery",
    "pk": 113,
    "fields": {
      "news": "e2a9102e-211a-4de2-9638-e722e8eb51f5",
      "image": "home/news_and_events/latest_news/images/Rectangle_33_9.jpg"
    }
  },
  {
    "model": "web.homelatestnewsgallery",
    "pk": 114,
    "fields": {
      "news": "e2a9102e-211a-4de2-9638-e722e8eb51f5",
      "image": "home/news_and_events/latest_news/images/Rectangle_33_6.jpg"
    }
  },
  {
    "model": "web.homelatestnewsgallery",
    "pk": 115,
    "fields": {
      "news": "901b5344-d8dc-4257-800d-a18b02ff978b",
      "image": "home/news_and_events/latest_news/images/Rectangle_33_8.jpg"
    }
  },
  {
    "model": "web.homelatestnewsgallery",
    "pk": 116,
    "fields": {
      "news": "901b5344-d8dc-4257-800d-a18b02ff978b",
      "image": "home/news_and_events/latest_news/images/Rectangle_33_9.jpg"
    }
  },
  {
    "model": "web.homelatestnewsgallery",
    "pk": 117,
    "fields": {
      "news": "901b5344-d8dc-4257-800d-a18b02ff978b",
      "image": "home/news_and_events/latest_news/images/Rectangle_33_6.jpg"
    }
  },
  {
    "model": "web.homelatestnewsgallery",
    "pk": 118,
    "fields": {
      "news": "9c2acf21-31f0-4fd0-a034-cff2f6ea3e4e",
      "image": "home/news_and_events/latest_news/images/Rectangle_33_8.jpg"
    }
  },
  {
    "model": "web.homelatestnewsgallery",
    "pk": 119,
    "fields": {
      "news": "9c2acf21-31f0-4fd0-a034-cff2f6ea3e4e",
      "image": "home/news_and_events/latest_news/images/Rectangle_33_9.jpg"
    }
  },
  {
    "model": "web.homelatestnewsgallery",
    "pk": 120,
    "fields": {
      "news": "9c2acf21-31f0-4fd0-a034-cff2f6ea3e4e",
      "image": "home/news_and_events/latest_news/images/Rectangle_33_6.jpg"
    }
  },
  {
    "model": "web.homelatestnewsgallery",
    "pk": 121,
    "fields": {
      "news": "d0572b89-4bbf-44c4-b90c-914e77c839d7",
      "image": "home/news_and_events/latest_news/images/Rectangle_33_6_e5EkssN.jpg"
    }
  },
  {
    "model": "web.homelatestnewsgallery",
    "pk": 122,
    "fields": {
      "news": "d0572b89-4bbf-44c4-b90c-914e77c839d7",
      "image": "home/news_and_events/latest_news/images/Rectangle_33_11.jpg"
    }
  },
  {
    "model": "web.homelatestnewsgallery",
    "pk": 123,
    "fields": {
      "news": "d0572b89-4bbf-44c4-b90c-914e77c839d7",
      "image": "home/news_and_events/latest_news/images/Rectangle_33_10.jpg"
    }
  },
  {
    "model": "web.homelatestnewsgallery",
    "pk": 124,
    "fields": {
      "news": "3a45eb96-ad3f-44a5-a2b1-9a45b9a42976",
      "image": "home/news_and_events/latest_news/images/Rectangle_33_6_e5EkssN.jpg"
    }
  },
  {
    "model": "web.homelatestnewsgallery",
    "pk": 125,
    "fields": {
      "news": "3a45eb96-ad3f-44a5-a2b1-9a45b9a42976",
      "image": "home/news_and_events/latest_news/images/Rectangle_33_11.jpg"
    }
  },
  {
    "model": "web.homelatestnewsgallery",
    "pk": 126,
    "fields": {
      "news": "3a45eb96-ad3f-44a5-a2b1-9a45b9a42976",
      "image": "home/news_and_events/latest_news/images/Rectangle_33_10.jpg"
    }
  },
  {
    "model": "web.homelatestnewsgallery",
    "pk": 127,
    "fields": {
      "news": "7eaef2e9-82c2-43b9-9a55-79a7464874d1",
      "image": "home/news_and_events/latest_news/images/Rectangle_33_6_e5EkssN.jpg"
    }
  },
  {
    "model": "web.homelatestnewsgallery",
    "pk": 128,
    "fields": {
      "news": "7eaef2e9-82c2-43b9-9a55-79a7464874d1",
      "image": "home/news_and_events/latest_news/images/Rectangle_33_11.jpg"
    }
  },
  {
    "model": "web.homelatestnewsgallery",
    "pk": 129,
    "fields": {
      "news": "7eaef2e9-82c2-43b9-9a55-79a7464874d1",
      "image": "home/news_and_events/latest_news/images/Rectangle_33_10.jpg"
    }
  },
  {
    "model": "web.homelatestnewsgallery",
    "pk": 130,
    "fields": {
      "news": "779e41af-bc79-412e-8c02-a8f0ae7cba4f",
      "image": "home/news_and_events/latest_news/images/Rectangle_33_6_e5EkssN.jpg"
    }
  },
  {
    "model": "web.homelatestnewsgallery",
    "pk": 131,
    "fields": {
      "news": "779e41af-bc79-412e-8c02-a8f0ae7cba4f",
      "image": "home/news_and_events/latest_news/images/Rectangle_33_11.jpg"
    }
  },
  {
    "model": "web.homelatestnewsgallery",
    "pk": 132,
    "fields": {
      "news": "779e41af-bc79-412e-8c02-a8f0ae7cba4f",
      "image": "home/news_and_events/latest_news/images/Rectangle_33_10.jpg"
    }
  },
  {
    "model": "web.homelatestnewsgallery",
    "pk": 133,
    "fields": {
      "news": "819b9569-989f-40d5-99c7-782d512f2bee",
      "image": "home/news_and_events/latest_news/images/Rectangle_33_6_e5EkssN.jpg"
    }
  },
  {
    "model": "web.homelatestnewsgallery",
    "pk": 134,
    "fields": {
      "news": "819b9569-989f-40d5-99c7-782d512f2bee",
      "image": "home/news_and_events/latest_news/images/Rectangle_33_11.jpg"
    }
  },
  {
    "model": "web.homelatestnewsgallery",
    "pk": 135,
    "fields": {
      "news": "819b9569-989f-40d5-99c7-782d512f2bee",
      "image": "home/news_and_events/latest_news/images/Rectangle_33_10.jpg"
    }
  },
  {
    "model": "web.homelatestnewsgallery",
    "pk": 136,
    "fields": {
      "news": "199826f9-18c3-45f2-b80c-d10558015137",
      "image": "home/news_and_events/latest_news/images/Rectangle_33_6_e5EkssN.jpg"
    }
  },
  {
    "model": "web.homelatestnewsgallery",
    "pk": 137,
    "fields": {
      "news": "199826f9-18c3-45f2-b80c-d10558015137",
      "image": "home/news_and_events/latest_news/images/Rectangle_33_11.jpg"
    }
  },
  {
    "model": "web.homelatestnewsgallery",
    "pk": 138,
    "fields": {
      "news": "199826f9-18c3-45f2-b80c-d10558015137",
      "image": "home/news_and_events/latest_news/images/Rectangle_33_10.jpg"
    }
  },
  {
    "model": "web.homelatestnewsgallery",
    "pk": 139,
    "fields": {
      "news": "1eecd82c-f80b-4138-8a13-fcc70067781d",
      "image": "home/news_and_events/latest_news/images/Rectangle_33_6_e5EkssN.jpg"
    }
  },
  {
    "model": "web.homelatestnewsgallery",
    "pk": 140,
    "fields": {
      "news": "1eecd82c-f80b-4138-8a13-fcc70067781d",
      "image": "home/news_and_events/latest_news/images/Rectangle_33_11.jpg"
    }
  },
  {
    "model": "web.homelatestnewsgallery",
    "pk": 141,
    "fields": {
      "news": "1eecd82c-f80b-4138-8a13-fcc70067781d",
      "image": "home/news_and_events/latest_news/images/Rectangle_33_10.jpg"
    }
  },
  {
    "model": "web.homelatestnewsgallery",
    "pk": 142,
    "fields": {
      "news": "115f6de3-34ee-4b5e-a354-efe495797206",
      "image": "home/news_and_events/latest_news/images/Rectangle_33_6_e5EkssN.jpg"
    }
  },
  {
    "model": "web.homelatestnewsgallery",
    "pk": 143,
    "fields": {
      "news": "115f6de3-34ee-4b5e-a354-efe495797206",
      "image": "home/news_and_events/latest_news/images/Rectangle_33_11.jpg"
    }
  },
  {
    "model": "web.homelatestnewsgallery",
    "pk": 144,
    "fields": {
      "news": "115f6de3-34ee-4b5e-a354-efe495797206",
      "image": "home/news_and_events/latest_news/images/Rectangle_33_10.jpg"
    }
  },
  {
    "model": "web.homelatestnewsgallery",
    "pk": 145,
    "fields": {
      "news": "2f08775b-2e33-4022-bc3d-f4c96d98917b",
      "image": "home/news_and_events/latest_news/images/Rectangle_33_10_jnkRENH.jpg"
    }
  },
  {
    "model": "web.homelatestnewsgallery",
    "pk": 146,
    "fields": {
      "news": "2f08775b-2e33-4022-bc3d-f4c96d98917b",
      "image": "home/news_and_events/latest_news/images/Rectangle_33_8_YTEyzVc.jpg"
    }
  },
  {
    "model": "web.homelatestnewsgallery",
    "pk": 147,
    "fields": {
      "news": "2f08775b-2e33-4022-bc3d-f4c96d98917b",
      "image": "home/news_and_events/latest_news/images/Rectangle_33_9_eC22QCu.jpg"
    }
  },
  {
    "model": "web.homelatestnewsgallery",
    "pk": 148,
    "fields": {
      "news": "606c8399-1799-46b6-b455-b83e934468c8",
      "image": "home/news_and_events/latest_news/images/Rectangle_33_10_jnkRENH.jpg"
    }
  },
  {
    "model": "web.homelatestnewsgallery",
    "pk": 149,
    "fields": {
      "news": "606c8399-1799-46b6-b455-b83e934468c8",
      "image": "home/news_and_events/latest_news/images/Rectangle_33_8_YTEyzVc.jpg"
    }
  },
  {
    "model": "web.homelatestnewsgallery",
    "pk": 150,
    "fields": {
      "news": "606c8399-1799-46b6-b455-b83e934468c8",
      "image": "home/news_and_events/latest_news/images/Rectangle_33_9_eC22QCu.jpg"
    }
  },
  {
    "model": "web.homelatestnewsgallery",
    "pk": 151,
    "fields": {
      "news": "e763b952-eaca-4f18-80c9-79a9d0598153",
      "image": "home/news_and_events/latest_news/images/Rectangle_33_10_jnkRENH.jpg"
    }
  },
  {
    "model": "web.homelatestnewsgallery",
    "pk": 152,
    "fields": {
      "news": "e763b952-eaca-4f18-80c9-79a9d0598153",
      "image": "home/news_and_events/latest_news/images/Rectangle_33_8_YTEyzVc.jpg"
    }
  },
  {
    "model": "web.homelatestnewsgallery",
    "pk": 153,
    "fields": {
      "news": "e763b952-eaca-4f18-80c9-79a9d0598153",
      "image": "home/news_and_events/latest_news/images/Rectangle_33_9_eC22QCu.jpg"
    }
  },
  {
    "model": "web.homelatestnewsgallery",
    "pk": 154,
    "fields": {
      "news": "7d85431a-28b5-4c97-8477-c52d56003177",
      "image": "home/news_and_events/latest_news/images/Rectangle_33_10_jnkRENH.jpg"
    }
  },
  {
    "model": "web.homelatestnewsgallery",
    "pk": 155,
    "fields": {
      "news": "7d85431a-28b5-4c97-8477-c52d56003177",
      "image": "home/news_and_events/latest_news/images/Rectangle_33_8_YTEyzVc.jpg"
    }
  },
  {
    "model": "web.homelatestnewsgallery",
    "pk": 156,
    "fields": {
      "news": "7d85431a-28b5-4c97-8477-c52d56003177",
      "image": "home/news_and_events/latest_news/images/Rectangle_33_9_eC22QCu.jpg"
    }
  },
  {
    "model": "web.homelatestnewsgallery",
    "pk": 157,
    "fields": {
      "news": "f580030b-1fc9-44aa-960d-4dbcb668d276",
      "image": "home/news_and_events/latest_news/images/Rectangle_33_10_jnkRENH.jpg"
    }
  },
  {
    "model": "web.homelatestnewsgallery",
    "pk": 158,
    "fields": {
      "news": "f580030b-1fc9-44aa-960d-4dbcb668d276",
      "image": "home/news_and_events/latest_news/images/Rectangle_33_8_YTEyzVc.jpg"
    }
  },
  {
    "model": "web.homelatestnewsgallery",
    "pk": 159,
    "fields": {
      "news": "f580030b-1fc9-44aa-960d-4dbcb668d276",
      "image": "home/news_and_events/latest_news/images/Rectangle_33_9_eC22QCu.jpg"
    }
  },
  {
    "model": "web.homelatestnewsgallery",
    "pk": 160,
    "fields": {
      "news": "a5684ee6-fdcb-4642-ba59-5ea0c7904869",
      "image": "home/news_and_events/latest_news/images/Rectangle_33_10_jnkRENH.jpg"
    }
  },
  {
    "model": "web.homelatestnewsgallery",
    "pk": 161,
    "fields": {
      "news": "a5684ee6-fdcb-4642-ba59-5ea0c7904869",
      "image": "home/news_and_events/latest_news/images/Rectangle_33_8_YTEyzVc.jpg"
    }
  },
  {
    "model": "web.homelatestnewsgallery",
    "pk": 162,
    "fields": {
      "news": "a5684ee6-fdcb-4642-ba59-5ea0c7904869",
      "image": "home/news_and_events/latest_news/images/Rectangle_33_9_eC22QCu.jpg"
    }
  },
  {
    "model": "web.homelatestnewsgallery",
    "pk": 163,
    "fields": {
      "news": "20c713eb-4ace-4037-97e3-68534ca1dfbc",
      "image": "home/news_and_events/latest_news/images/Rectangle_33_10_jnkRENH.jpg"
    }
  },
  {
    "model": "web.homelatestnewsgallery",
    "pk": 164,
    "fields": {
      "news": "20c713eb-4ace-4037-97e3-68534ca1dfbc",
      "image": "home/news_and_events/latest_news/images/Rectangle_33_8_YTEyzVc.jpg"
    }
  },
  {
    "model": "web.homelatestnewsgallery",
    "pk": 165,
    "fields": {
      "news": "20c713eb-4ace-4037-97e3-68534ca1dfbc",
      "image": "home/news_and_events/latest_news/images/Rectangle_33_9_eC22QCu.jpg"
    }
  },
  {
    "model": "web.homelatestnewsgallery",
    "pk": 166,
    "fields": {
      "news": "ca7c23fb-b130-4907-90cc-74f7d1b56acc",
      "image": "home/news_and_events/latest_news/images/Rectangle_33_10_jnkRENH.jpg"
    }
  },
  {
    "model": "web.homelatestnewsgallery",
    "pk": 167,
    "fields": {
      "news": "ca7c23fb-b130-4907-90cc-74f7d1b56acc",
      "image": "home/news_and_events/latest_news/images/Rectangle_33_8_YTEyzVc.jpg"
    }
  },
  {
    "model": "web.homelatestnewsgallery",
    "pk": 168,
    "fields": {
      "news": "ca7c23fb-b130-4907-90cc-74f7d1b56acc",
      "image": "home/news_and_events/latest_news/images/Rectangle_33_9_eC22QCu.jpg"
    }
  },
  {
    "model": "web.homelatestnewsgallery",
    "pk": 169,
    "fields": {
      "news": "05f2d577-a29f-4694-9d40-6eefa2f5d696",
      "image": "home/news_and_events/latest_news/images/Rectangle_33_10_jnkRENH.jpg"
    }
  },
  {
    "model": "web.homelatestnewsgallery",
    "pk": 170,
    "fields": {
      "news": "05f2d577-a29f-4694-9d40-6eefa2f5d696",
      "image": "home/news_and_events/latest_news/images/Rectangle_33_8_YTEyzVc.jpg"
    }
  },
  {
    "model": "web.homelatestnewsgallery",
    "pk": 171,
    "fields": {
      "news": "05f2d577-a29f-4694-9d40-6eefa2f5d696",
      "image": "home/news_and_events/latest_news/images/Rectangle_33_9_eC22QCu.jpg"
    }
  },
  {
    "model": "web.homelatestnewsgallery",
    "pk": 172,
    "fields": {
      "news": "5748d009-9978-410f-bc96-95bbfc5e2a54",
      "image": "home/news_and_events/latest_news/images/Rectangle_33_10_jnkRENH.jpg"
    }
  },
  {
    "model": "web.homelatestnewsgallery",
    "pk": 173,
    "fields": {
      "news": "5748d009-9978-410f-bc96-95bbfc5e2a54",
      "image": "home/news_and_events/latest_news/images/Rectangle_33_8_YTEyzVc.jpg"
    }
  },
  {
    "model": "web.homelatestnewsgallery",
    "pk": 174,
    "fields": {
      "news": "5748d009-9978-410f-bc96-95bbfc5e2a54",
      "image": "home/news_and_events/latest_news/images/Rectangle_33_9_eC22QCu.jpg"
    }
  },
  {
    "model": "web.homelatestnewsgallery",
    "pk": 175,
    "fields": {
      "news": "f2f188e4-8e40-4adb-b9a9-60f3cdf48f36",
      "image": "home/news_and_events/latest_news/images/Rectangle_33_10_jnkRENH.jpg"
    }
  },
  {
    "model": "web.homelatestnewsgallery",
    "pk": 176,
    "fields": {
      "news": "f2f188e4-8e40-4adb-b9a9-60f3cdf48f36",
      "image": "home/news_and_events/latest_news/images/Rectangle_33_8_YTEyzVc.jpg"
    }
  },
  {
    "model": "web.homelatestnewsgallery",
    "pk": 177,
    "fields": {
      "news": "f2f188e4-8e40-4adb-b9a9-60f3cdf48f36",
      "image": "home/news_and_events/latest_news/images/Rectangle_33_9_eC22QCu.jpg"
    }
  },
  {
    "model": "web.homelatestnewsgallery",
    "pk": 178,
    "fields": {
      "news": "4564cc8f-02dc-42c9-ab9a-7e2d77687e68",
      "image": "home/news_and_events/latest_news/images/Rectangle_33_10_jnkRENH.jpg"
    }
  },
  {
    "model": "web.homelatestnewsgallery",
    "pk": 179,
    "fields": {
      "news": "4564cc8f-02dc-42c9-ab9a-7e2d77687e68",
      "image": "home/news_and_events/latest_news/images/Rectangle_33_8_YTEyzVc.jpg"
    }
  },
  {
    "model": "web.homelatestnewsgallery",
    "pk": 180,
    "fields": {
      "news": "4564cc8f-02dc-42c9-ab9a-7e2d77687e68",
      "image": "home/news_and_events/latest_news/images/Rectangle_33_9_eC22QCu.jpg"
    }
  },
  {
    "model": "web.homelatestnewsgallery",
    "pk": 181,
    "fields": {
      "news": "8f1e3695-ab10-4750-8cc0-7563bf3c5441",
      "image": "home/news_and_events/latest_news/images/Rectangle_33_10_jnkRENH.jpg"
    }
  },
  {
    "model": "web.homelatestnewsgallery",
    "pk": 182,
    "fields": {
      "news": "8f1e3695-ab10-4750-8cc0-7563bf3c5441",
      "image": "home/news_and_events/latest_news/images/Rectangle_33_8_YTEyzVc.jpg"
    }
  },
  {
    "model": "web.homelatestnewsgallery",
    "pk": 183,
    "fields": {
      "news": "8f1e3695-ab10-4750-8cc0-7563bf3c5441",
      "image": "home/news_and_events/latest_news/images/Rectangle_33_9_eC22QCu.jpg"
    }
  },
  {
    "model": "web.homelatestnewsgallery",
    "pk": 184,
    "fields": {
      "news": "d9b9ed6a-639d-46e1-8809-54661a174067",
      "image": "home/news_and_events/latest_news/images/Rectangle_33_10_jnkRENH.jpg"
    }
  },
  {
    "model": "web.homelatestnewsgallery",
    "pk": 185,
    "fields": {
      "news": "d9b9ed6a-639d-46e1-8809-54661a174067",
      "image": "home/news_and_events/latest_news/images/Rectangle_33_8_YTEyzVc.jpg"
    }
  },
  {
    "model": "web.homelatestnewsgallery",
    "pk": 186,
    "fields": {
      "news": "d9b9ed6a-639d-46e1-8809-54661a174067",
      "image": "home/news_and_events/latest_news/images/Rectangle_33_9_eC22QCu.jpg"
    }
  },
  {
    "model": "web.homelatestnewsgallery",
    "pk": 187,
    "fields": {
      "news": "45d8f346-6c23-4913-bbc2-6ae62d9db592",
      "image": "home/news_and_events/latest_news/images/Rectangle_33_10_jnkRENH.jpg"
    }
  },
  {
    "model": "web.homelatestnewsgallery",
    "pk": 188,
    "fields": {
      "news": "45d8f346-6c23-4913-bbc2-6ae62d9db592",
      "image": "home/news_and_events/latest_news/images/Rectangle_33_8_YTEyzVc.jpg"
    }
  },
  {
    "model": "web.homelatestnewsgallery",
    "pk": 189,
    "fields": {
      "news": "45d8f346-6c23-4913-bbc2-6ae62d9db592",
      "image": "home/news_and_events/latest_news/images/Rectangle_33_9_eC22QCu.jpg"
    }
  },
  {
    "model": "web.homelatestnewsgallery",
    "pk": 190,
    "fields": {
      "news": "0ad7d8ff-263d-4137-b503-914a8f0c9d34",
      "image": "home/news_and_events/latest_news/images/Rectangle_33_10_jnkRENH.jpg"
    }
  },
  {
    "model": "web.homelatestnewsgallery",
    "pk": 191,
    "fields": {
      "news": "0ad7d8ff-263d-4137-b503-914a8f0c9d34",
      "image": "home/news_and_events/latest_news/images/Rectangle_33_8_YTEyzVc.jpg"
    }
  },
  {
    "model": "web.homelatestnewsgallery",
    "pk": 192,
    "fields": {
      "news": "0ad7d8ff-263d-4137-b503-914a8f0c9d34",
      "image": "home/news_and_events/latest_news/images/Rectangle_33_9_eC22QCu.jpg"
    }
  },
  {
    "model": "web.homelatestnewsgallery",
    "pk": 193,
    "fields": {
      "news": "0346ebea-a82d-4ffa-8f4b-614a773aa96d",
      "image": "home/news_and_events/latest_news/images/Rectangle_33_8.jpg"
    }
  },
  {
    "model": "web.homelatestnewsgallery",
    "pk": 194,
    "fields": {
      "news": "0346ebea-a82d-4ffa-8f4b-614a773aa96d",
      "image": "home/news_and_events/latest_news/images/Rectangle_33_9.jpg"
    }
  },
  {
    "model": "web.homelatestnewsgallery",
    "pk": 195,
    "fields": {
      "news": "0346ebea-a82d-4ffa-8f4b-614a773aa96d",
      "image": "home/news_and_events/latest_news/images/Rectangle_33_6.jpg"
    }
  },
  {
    "model": "web.homelatestnewsgallery",
    "pk": 196,
    "fields": {
      "news": "8a4f4051-dc38-4ec5-8665-b18876f389c8",
      "image": "home/news_and_events/latest_news/images/Rectangle_33_8.jpg"
    }
  },
  {
    "model": "web.homelatestnewsgallery",
    "pk": 197,
    "fields": {
      "news": "8a4f4051-dc38-4ec5-8665-b18876f389c8",
      "image": "home/news_and_events/latest_news/images/Rectangle_33_9.jpg"
    }
  },
  {
    "model": "web.homelatestnewsgallery",
    "pk": 198,
    "fields": {
      "news": "8a4f4051-dc38-4ec5-8665-b18876f389c8",
      "image": "home/news_and_events/latest_news/images/Rectangle_33_6.jpg"
    }
  },
  {
    "model": "web.homelatestnewsgallery",
    "pk": 199,
    "fields": {
      "news": "2768cbad-39c6-4734-9092-5f285498c101",
      "image": "home/news_and_events/latest_news/images/Rectangle_33_8.jpg"
    }
  },
  {
    "model": "web.homelatestnewsgallery",
    "pk": 200,
    "fields": {
      "news": "2768cbad-39c6-4734-9092-5f285498c101",
      "image": "home/news_and_events/latest_news/images/Rectangle_33_9.jpg"
    }
  },
  {
    "model": "web.homelatestnewsgallery",
    "pk": 201,
    "fields": {
      "news": "2768cbad-39c6-4734-9092-5f285498c101",
      "image": "home/news_and_events/latest_news/images/Rectangle_33_6.jpg"
    }
  },
  {
    "model": "web.homelatestnewsgallery",
    "pk": 202,
    "fields": {
      "news": "bdb3f59e-e38c-4b51-ad8b-338dfce2c0d6",
      "image": "home/news_and_events/latest_news/images/Rectangle_33_8.jpg"
    }
  },
  {
    "model": "web.homelatestnewsgallery",
    "pk": 203,
    "fields": {
      "news": "bdb3f59e-e38c-4b51-ad8b-338dfce2c0d6",
      "image": "home/news_and_events/latest_news/images/Rectangle_33_9.jpg"
    }
  },
  {
    "model": "web.homelatestnewsgallery",
    "pk": 204,
    "fields": {
      "news": "bdb3f59e-e38c-4b51-ad8b-338dfce2c0d6",
      "image": "home/news_and_events/latest_news/images/Rectangle_33_6.jpg"
    }
  },
  {
    "model": "web.homelatestnewsgallery",
    "pk": 205,
    "fields": {
      "news": "a3df203e-932d-4ce1-b12c-5b4010473626",
      "image": "home/news_and_events/latest_news/images/Rectangle_33_8.jpg"
    }
  },
  {
    "model": "web.homelatestnewsgallery",
    "pk": 206,
    "fields": {
      "news": "a3df203e-932d-4ce1-b12c-5b4010473626",
      "image": "home/news_and_events/latest_news/images/Rectangle_33_9.jpg"
    }
  },
  {
    "model": "web.homelatestnewsgallery",
    "pk": 207,
    "fields": {
      "news": "a3df203e-932d-4ce1-b12c-5b4010473626",
      "image": "home/news_and_events/latest_news/images/Rectangle_33_6.jpg"
    }
  },
  {
    "model": "web.homelatestnewsgallery",
    "pk": 208,
    "fields": {
      "news": "fd2d4b4d-86ec-469d-bb1d-e6b273b92ed9",
      "image": "home/news_and_events/latest_news/images/Rectangle_33_8.jpg"
    }
  },
  {
    "model": "web.homelatestnewsgallery",
    "pk": 209,
    "fields": {
      "news": "fd2d4b4d-86ec-469d-bb1d-e6b273b92ed9",
      "image": "home/news_and_events/latest_news/images/Rectangle_33_9.jpg"
    }
  },
  {
    "model": "web.homelatestnewsgallery",
    "pk": 210,
    "fields": {
      "news": "fd2d4b4d-86ec-469d-bb1d-e6b273b92ed9",
      "image": "home/news_and_events/latest_news/images/Rectangle_33_6.jpg"
    }
  },
  {
    "model": "web.homelatestnewsgallery",
    "pk": 211,
    "fields": {
      "news": "a95b5108-635d-42c8-9ef8-fc0847aff4ef",
      "image": "home/news_and_events/latest_news/images/Rectangle_33_8.jpg"
    }
  },
  {
    "model": "web.homelatestnewsgallery",
    "pk": 212,
    "fields": {
      "news": "a95b5108-635d-42c8-9ef8-fc0847aff4ef",
      "image": "home/news_and_events/latest_news/images/Rectangle_33_9.jpg"
    }
  },
  {
    "model": "web.homelatestnewsgallery",
    "pk": 213,
    "fields": {
      "news": "a95b5108-635d-42c8-9ef8-fc0847aff4ef",
      "image": "home/news_and_events/latest_news/images/Rectangle_33_6.jpg"
    }
  },
  {
    "model": "web.homelatestnewsgallery",
    "pk": 214,
    "fields": {
      "news": "158a677d-856d-4be1-9455-da25f9776150",
      "image": "home/news_and_events/latest_news/images/Rectangle_33_8.jpg"
    }
  },
  {
    "model": "web.homelatestnewsgallery",
    "pk": 215,
    "fields": {
      "news": "158a677d-856d-4be1-9455-da25f9776150",
      "image": "home/news_and_events/latest_news/images/Rectangle_33_9.jpg"
    }
  },
  {
    "model": "web.homelatestnewsgallery",
    "pk": 216,
    "fields": {
      "news": "158a677d-856d-4be1-9455-da25f9776150",
      "image": "home/news_and_events/latest_news/images/Rectangle_33_6.jpg"
    }
  },
  {
    "model": "web.homelatestnewsgallery",
    "pk": 217,
    "fields": {
      "news": "8753f6cc-2eb3-4cfe-8b38-55837a028571",
      "image": "home/news_and_events/latest_news/images/Rectangle_33_8.jpg"
    }
  },
  {
    "model": "web.homelatestnewsgallery",
    "pk": 218,
    "fields": {
      "news": "8753f6cc-2eb3-4cfe-8b38-55837a028571",
      "image": "home/news_and_events/latest_news/images/Rectangle_33_9.jpg"
    }
  },
  {
    "model": "web.homelatestnewsgallery",
    "pk": 219,
    "fields": {
      "news": "8753f6cc-2eb3-4cfe-8b38-55837a028571",
      "image": "home/news_and_events/latest_news/images/Rectangle_33_6.jpg"
    }
  },
  {
    "model": "web.homelatestnewsgallery",
    "pk": 220,
    "fields": {
      "news": "a3cec507-f57d-4fc2-bc20-2da58046d0db",
      "image": "home/news_and_events/latest_news/images/Rectangle_33_8.jpg"
    }
  },
  {
    "model": "web.homelatestnewsgallery",
    "pk": 221,
    "fields": {
      "news": "a3cec507-f57d-4fc2-bc20-2da58046d0db",
      "image": "home/news_and_events/latest_news/images/Rectangle_33_9.jpg"
    }
  },
  {
    "model": "web.homelatestnewsgallery",
    "pk": 222,
    "fields": {
      "news": "a3cec507-f57d-4fc2-bc20-2da58046d0db",
      "image": "home/news_and_events/latest_news/images/Rectangle_33_6.jpg"
    }
  },
  {
    "model": "web.homelatestnewsgallery",
    "pk": 223,
    "fields": {
      "news": "2d88953b-6cab-4abf-a4fd-84835c9c4578",
      "image": "home/news_and_events/latest_news/images/Rectangle_33_8.jpg"
    }
  },
  {
    "model": "web.homelatestnewsgallery",
    "pk": 224,
    "fields": {
      "news": "2d88953b-6cab-4abf-a4fd-84835c9c4578",
      "image": "home/news_and_events/latest_news/images/Rectangle_33_9.jpg"
    }
  },
  {
    "model": "web.homelatestnewsgallery",
    "pk": 225,
    "fields": {
      "news": "2d88953b-6cab-4abf-a4fd-84835c9c4578",
      "image": "home/news_and_events/latest_news/images/Rectangle_33_6.jpg"
    }
  },
  {
    "model": "web.homelatestnewsgallery",
    "pk": 226,
    "fields": {
      "news": "6f9b2dec-e015-42b2-83d4-1c56ac71f3ca",
      "image": "home/news_and_events/latest_news/images/Rectangle_33_8.jpg"
    }
  },
  {
    "model": "web.homelatestnewsgallery",
    "pk": 227,
    "fields": {
      "news": "6f9b2dec-e015-42b2-83d4-1c56ac71f3ca",
      "image": "home/news_and_events/latest_news/images/Rectangle_33_9.jpg"
    }
  },
  {
    "model": "web.homelatestnewsgallery",
    "pk": 228,
    "fields": {
      "news": "6f9b2dec-e015-42b2-83d4-1c56ac71f3ca",
      "image": "home/news_and_events/latest_news/images/Rectangle_33_6.jpg"
    }
  },
  {
    "model": "web.homelatestnewsgallery",
    "pk": 229,
    "fields": {
      "news": "ae7851c0-f49b-425d-a9c3-69e221302f8f",
      "image": "home/news_and_events/latest_news/images/Rectangle_33_8.jpg"
    }
  },
  {
    "model": "web.homelatestnewsgallery",
    "pk": 230,
    "fields": {
      "news": "ae7851c0-f49b-425d-a9c3-69e221302f8f",
      "image": "home/news_and_events/latest_news/images/Rectangle_33_9.jpg"
    }
  },
  {
    "model": "web.homelatestnewsgallery",
    "pk": 231,
    "fields": {
      "news": "ae7851c0-f49b-425d-a9c3-69e221302f8f",
      "image": "home/news_and_events/latest_news/images/Rectangle_33_6.jpg"
    }
  },
  {
    "model": "web.homelatestnewsgallery",
    "pk": 232,
    "fields": {
      "news": "36bca097-1a5b-4f59-a536-4905dc31e517",
      "image": "home/news_and_events/latest_news/images/Rectangle_33_8.jpg"
    }
  },
  {
    "model": "web.homelatestnewsgallery",
    "pk": 233,
    "fields": {
      "news": "36bca097-1a5b-4f59-a536-4905dc31e517",
      "image": "home/news_and_events/latest_news/images/Rectangle_33_9.jpg"
    }
  },
  {
    "model": "web.homelatestnewsgallery",
    "pk": 234,
    "fields": {
      "news": "36bca097-1a5b-4f59-a536-4905dc31e517",
      "image": "home/news_and_events/latest_news/images/Rectangle_33_6.jpg"
    }
  },
  {
    "model": "web.homelatestnewsgallery",
    "pk": 235,
    "fields": {
      "news": "fcc64727-ea42-4a24-aa30-9c57cf3e9a06",
      "image": "home/news_and_events/latest_news/images/Rectangle_33_8.jpg"
    }
  },
  {
    "model": "web.homelatestnewsgallery",
    "pk": 236,
    "fields": {
      "news": "fcc64727-ea42-4a24-aa30-9c57cf3e9a06",
      "image": "home/news_and_events/latest_news/images/Rectangle_33_9.jpg"
    }
  },
  {
    "model": "web.homelatestnewsgallery",
    "pk": 237,
    "fields": {
      "news": "fcc64727-ea42-4a24-aa30-9c57cf3e9a06",
      "image": "home/news_and_events/latest_news/images/Rectangle_33_6.jpg"
    }
  },
  {
    "model": "web.homelatestnewsgallery",
    "pk": 238,
    "fields": {
      "news": "febfea44-33c6-4149-bd0a-6f6a96f8ebed",
      "image": "home/news_and_events/latest_news/images/Rectangle_33_8.jpg"
    }
  },
  {
    "model": "web.homelatestnewsgallery",
    "pk": 239,
    "fields": {
      "news": "febfea44-33c6-4149-bd0a-6f6a96f8ebed",
      "image": "home/news_and_events/latest_news/images/Rectangle_33_9.jpg"
    }
  },
  {
    "model": "web.homelatestnewsgallery",
    "pk": 240,
    "fields": {
      "news": "febfea44-33c6-4149-bd0a-6f6a96f8ebed",
      "image": "home/news_and_events/latest_news/images/Rectangle_33_6.jpg"
    }
  },
  {
    "model": "web.homelatestnewsgallery",
    "pk": 241,
    "fields": {
      "news": "5a28645d-6c4c-4b74-9179-f021c07fd03a",
      "image": "home/news_and_events/latest_news/images/Rectangle_33_6_e5EkssN.jpg"
    }
  },
  {
    "model": "web.homelatestnewsgallery",
    "pk": 242,
    "fields": {
      "news": "5a28645d-6c4c-4b74-9179-f021c07fd03a",
      "image": "home/news_and_events/latest_news/images/Rectangle_33_11.jpg"
    }
  },
  {
    "model": "web.homelatestnewsgallery",
    "pk": 243,
    "fields": {
      "news": "5a28645d-6c4c-4b74-9179-f021c07fd03a",
      "image": "home/news_and_events/latest_news/images/Rectangle_33_10.jpg"
    }
  },
  {
    "model": "web.homelatestnewsgallery",
    "pk": 244,
    "fields": {
      "news": "131535e5-21e0-443a-89a0-914e8af7ed0f",
      "image": "home/news_and_events/latest_news/images/Rectangle_33_6_e5EkssN.jpg"
    }
  },
  {
    "model": "web.homelatestnewsgallery",
    "pk": 245,
    "fields": {
      "news": "131535e5-21e0-443a-89a0-914e8af7ed0f",
      "image": "home/news_and_events/latest_news/images/Rectangle_33_11.jpg"
    }
  },
  {
    "model": "web.homelatestnewsgallery",
    "pk": 246,
    "fields": {
      "news": "131535e5-21e0-443a-89a0-914e8af7ed0f",
      "image": "home/news_and_events/latest_news/images/Rectangle_33_10.jpg"
    }
  },
  {
    "model": "web.homelatestnewsgallery",
    "pk": 247,
    "fields": {
      "news": "11987d9f-68ad-447d-b5e8-7d14e7c08cc3",
      "image": "home/news_and_events/latest_news/images/Rectangle_33_6_e5EkssN.jpg"
    }
  },
  {
    "model": "web.homelatestnewsgallery",
    "pk": 248,
    "fields": {
      "news": "11987d9f-68ad-447d-b5e8-7d14e7c08cc3",
      "image": "home/news_and_events/latest_news/images/Rectangle_33_11.jpg"
    }
  },
  {
    "model": "web.homelatestnewsgallery",
    "pk": 249,
    "fields": {
      "news": "11987d9f-68ad-447d-b5e8-7d14e7c08cc3",
      "image": "home/news_and_events/latest_news/images/Rectangle_33_10.jpg"
    }
  },
  {
    "model": "web.homelatestnewsgallery",
    "pk": 250,
    "fields": {
      "news": "31af4436-26b4-4694-ad6d-35691d73254a",
      "image": "home/news_and_events/latest_news/images/Rectangle_33_6_e5EkssN.jpg"
    }
  },
  {
    "model": "web.homelatestnewsgallery",
    "pk": 251,
    "fields": {
      "news": "31af4436-26b4-4694-ad6d-35691d73254a",
      "image": "home/news_and_events/latest_news/images/Rectangle_33_11.jpg"
    }
  },
  {
    "model": "web.homelatestnewsgallery",
    "pk": 252,
    "fields": {
      "news": "31af4436-26b4-4694-ad6d-35691d73254a",
      "image": "home/news_and_events/latest_news/images/Rectangle_33_10.jpg"
    }
  },
  {
    "model": "web.homelatestnewsgallery",
    "pk": 253,
    "fields": {
      "news": "dbf79970-6e1e-46a5-8ab4-4968ece382a5",
      "image": "home/news_and_events/latest_news/images/Rectangle_33_6_e5EkssN.jpg"
    }
  },
  {
    "model": "web.homelatestnewsgallery",
    "pk": 254,
    "fields": {
      "news": "dbf79970-6e1e-46a5-8ab4-4968ece382a5",
      "image": "home/news_and_events/latest_news/images/Rectangle_33_11.jpg"
    }
  },
  {
    "model": "web.homelatestnewsgallery",
    "pk": 255,
    "fields": {
      "news": "dbf79970-6e1e-46a5-8ab4-4968ece382a5",
      "image": "home/news_and_events/latest_news/images/Rectangle_33_10.jpg"
    }
  },
  {
    "model": "web.homelatestnewsgallery",
    "pk": 256,
    "fields": {
      "news": "98a1724b-1d0c-4dc0-9f35-01584bf26142",
      "image": "home/news_and_events/latest_news/images/Rectangle_33_6_e5EkssN.jpg"
    }
  },
  {
    "model": "web.homelatestnewsgallery",
    "pk": 257,
    "fields": {
      "news": "98a1724b-1d0c-4dc0-9f35-01584bf26142",
      "image": "home/news_and_events/latest_news/images/Rectangle_33_11.jpg"
    }
  },
  {
    "model": "web.homelatestnewsgallery",
    "pk": 258,
    "fields": {
      "news": "98a1724b-1d0c-4dc0-9f35-01584bf26142",
      "image": "home/news_and_events/latest_news/images/Rectangle_33_10.jpg"
    }
  },
  {
    "model": "web.homelatestnewsgallery",
    "pk": 259,
    "fields": {
      "news": "34284309-de03-4fb9-807f-a1eb540915e5",
      "image": "home/news_and_events/latest_news/images/Rectangle_33_6_e5EkssN.jpg"
    }
  },
  {
    "model": "web.homelatestnewsgallery",
    "pk": 260,
    "fields": {
      "news": "34284309-de03-4fb9-807f-a1eb540915e5",
      "image": "home/news_and_events/latest_news/images/Rectangle_33_11.jpg"
    }
  },
  {
    "model": "web.homelatestnewsgallery",
    "pk": 261,
    "fields": {
      "news": "34284309-de03-4fb9-807f-a1eb540915e5",
      "image": "home/news_and_events/latest_news/images/Rectangle_33_10.jpg"
    }
  },
  {
    "model": "web.homelatestnewsgallery",
    "pk": 262,
    "fields": {
      "news": "9fd195d6-6026-44a7-81a9-bc8dbb69e13b",
      "image": "home/news_and_events/latest_news/images/Rectangle_33_6_e5EkssN.jpg"
    }
  },
  {
    "model": "web.homelatestnewsgallery",
    "pk": 263,
    "fields": {
      "news": "9fd195d6-6026-44a7-81a9-bc8dbb69e13b",
      "image": "home/news_and_events/latest_news/images/Rectangle_33_11.jpg"
    }
  },
  {
    "model": "web.homelatestnewsgallery",
    "pk": 264,
    "fields": {
      "news": "9fd195d6-6026-44a7-81a9-bc8dbb69e13b",
      "image": "home/news_and_events/latest_news/images/Rectangle_33_10.jpg"
    }
  },
  {
    "model": "web.homelatestnewsgallery",
    "pk": 265,
    "fields": {
      "news": "a4ce2a0f-c990-4c78-ae33-7edab7f3370e",
      "image": "home/news_and_events/latest_news/images/Rectangle_33_6_e5EkssN.jpg"
    }
  },
  {
    "model": "web.homelatestnewsgallery",
    "pk": 266,
    "fields": {
      "news": "a4ce2a0f-c990-4c78-ae33-7edab7f3370e",
      "image": "home/news_and_events/latest_news/images/Rectangle_33_11.jpg"
    }
  },
  {
    "model": "web.homelatestnewsgallery",
    "pk": 267,
    "fields": {
      "news": "a4ce2a0f-c990-4c78-ae33-7edab7f3370e",
      "image": "home/news_and_events/latest_news/images/Rectangle_33_10.jpg"
    }
  },
  {
    "model": "web.homelatestnewsgallery",
    "pk": 268,
    "fields": {
      "news": "58baaed8-c893-4c87-ab87-dd2861fd356c",
      "image": "home/news_and_events/latest_news/images/Rectangle_33_6_e5EkssN.jpg"
    }
  },
  {
    "model": "web.homelatestnewsgallery",
    "pk": 269,
    "fields": {
      "news": "58baaed8-c893-4c87-ab87-dd2861fd356c",
      "image": "home/news_and_events/latest_news/images/Rectangle_33_11.jpg"
    }
  },
  {
    "model": "web.homelatestnewsgallery",
    "pk": 270,
    "fields": {
      "news": "58baaed8-c893-4c87-ab87-dd2861fd356c",
      "image": "home/news_and_events/latest_news/images/Rectangle_33_10.jpg"
    }
  },
  {
    "model": "web.homelatestnewsgallery",
    "pk": 271,
    "fields": {
      "news": "cf56abb1-904f-4221-b8a8-582645f59351",
      "image": "home/news_and_events/latest_news/images/Rectangle_33_6_e5EkssN.jpg"
    }
  },
  {
    "model": "web.homelatestnewsgallery",
    "pk": 272,
    "fields": {
      "news": "cf56abb1-904f-4221-b8a8-582645f59351",
      "image": "home/news_and_events/latest_news/images/Rectangle_33_11.jpg"
    }
  },
  {
    "model": "web.homelatestnewsgallery",
    "pk": 273,
    "fields": {
      "news": "cf56abb1-904f-4221-b8a8-582645f59351",
      "image": "home/news_and_events/latest_news/images/Rectangle_33_10.jpg"
    }
  },
  {
    "model": "web.homelatestnewsgallery",
    "pk": 274,
    "fields": {
      "news": "98f11f1c-61ad-4cdf-88d0-1d2c9b364ec9",
      "image": "home/news_and_events/latest_news/images/Rectangle_33_6_e5EkssN.jpg"
    }
  },
  {
    "model": "web.homelatestnewsgallery",
    "pk": 275,
    "fields": {
      "news": "98f11f1c-61ad-4cdf-88d0-1d2c9b364ec9",
      "image": "home/news_and_events/latest_news/images/Rectangle_33_11.jpg"
    }
  },
  {
    "model": "web.homelatestnewsgallery",
    "pk": 276,
    "fields": {
      "news": "98f11f1c-61ad-4cdf-88d0-1d2c9b364ec9",
      "image": "home/news_and_events/latest_news/images/Rectangle_33_10.jpg"
    }
  },
  {
    "model": "web.homelatestnewsgallery",
    "pk": 277,
    "fields": {
      "news": "3a99476c-926a-4351-b39b-b74b0bdd8026",
      "image": "home/news_and_events/latest_news/images/Rectangle_33_6_e5EkssN.jpg"
    }
  },
  {
    "model": "web.homelatestnewsgallery",
    "pk": 278,
    "fields": {
      "news": "3a99476c-926a-4351-b39b-b74b0bdd8026",
      "image": "home/news_and_events/latest_news/images/Rectangle_33_11.jpg"
    }
  },
  {
    "model": "web.homelatestnewsgallery",
    "pk": 279,
    "fields": {
      "news": "3a99476c-926a-4351-b39b-b74b0bdd8026",
      "image": "home/news_and_events/latest_news/images/Rectangle_33_10.jpg"
    }
  },
  {
    "model": "web.homelatestnewsgallery",
    "pk": 280,
    "fields": {
      "news": "43d7a64a-079c-46f2-96a7-6956e36744d7",
      "image": "home/news_and_events/latest_news/images/Rectangle_33_6_e5EkssN.jpg"
    }
  },
  {
    "model": "web.homelatestnewsgallery",
    "pk": 281,
    "fields": {
      "news": "43d7a64a-079c-46f2-96a7-6956e36744d7",
      "image": "home/news_and_events/latest_news/images/Rectangle_33_11.jpg"
    }
  },
  {
    "model": "web.homelatestnewsgallery",
    "pk": 282,
    "fields": {
      "news": "43d7a64a-079c-46f2-96a7-6956e36744d7",
      "image": "home/news_and_events/latest_news/images/Rectangle_33_10.jpg"
    }
  },
  {
    "model": "web.homelatestnewsgallery",
    "pk": 283,
    "fields": {
      "news": "fee126a4-6cd2-4548-a904-3310825cab0a",
      "image": "home/news_and_events/latest_news/images/Rectangle_33_6_e5EkssN.jpg"
    }
  },
  {
    "model": "web.homelatestnewsgallery",
    "pk": 284,
    "fields": {
      "news": "fee126a4-6cd2-4548-a904-3310825cab0a",
      "image": "home/news_and_events/latest_news/images/Rectangle_33_11.jpg"
    }
  },
  {
    "model": "web.homelatestnewsgallery",
    "pk": 285,
    "fields": {
      "news": "fee126a4-6cd2-4548-a904-3310825cab0a",
      "image": "home/news_and_events/latest_news/images/Rectangle_33_10.jpg"
    }
  },
  {
    "model": "web.homelatestnewsgallery",
    "pk": 286,
    "fields": {
      "news": "a408582c-9452-412f-9ad0-818adb79c226",
      "image": "home/news_and_events/latest_news/images/Rectangle_33_6_e5EkssN.jpg"
    }
  },
  {
    "model": "web.homelatestnewsgallery",
    "pk": 287,
    "fields": {
      "news": "a408582c-9452-412f-9ad0-818adb79c226",
      "image": "home/news_and_events/latest_news/images/Rectangle_33_11.jpg"
    }
  },
  {
    "model": "web.homelatestnewsgallery",
    "pk": 288,
    "fields": {
      "news": "a408582c-9452-412f-9ad0-818adb79c226",
      "image": "home/news_and_events/latest_news/images/Rectangle_33_10.jpg"
    }
  },
  {
    "model": "web.homeupcomingevent",
    "pk": "04619e6c-bf0f-45c0-a5a2-d754deed0112",
    "fields": {
      "title": "Arabic Fest",
      "sub_title": "\"Reunite and Celebrate: Join Us for Our Long-Awaited Reunion Event!\"",
      "description": "Alumni may be offered career development resources such as job postings, resume reviews, and mentoring programs",
      "date": "2023-06-06",
      "is_featured": false,
      "is_deleted": false
    }
  },
  {
    "model": "web.homeupcomingevent",
    "pk": "0765c9ec-d7da-4429-85b5-ab2242634197",
    "fields": {
      "title": "Union Election",
      "sub_title": "\"Reunite and Celebrate: Join Us for Our Long-Awaited Reunion Event!\"",
      "description": "An opportunity for alumni to meet and connect with each other and potential employers or industry leaders",
      "date": "2023-08-17",
      "is_featured": false,
      "is_deleted": false
    }
  },
  {
    "model": "web.homeupcomingevent",
    "pk": "0aba8c51-c710-4b02-aa22-518b4739b9d7",
    "fields": {
      "title": "Eco Club Event",
      "sub_title": "\"Reunite and Celebrate: Join Us for Our Long-Awaited Reunion Event!\"",
      "description": "A gathering of former classmates or graduates, often organized on a regular basis, such as annually or every five years",
      "date": "2023-07-31",
      "is_featured": false,
      "is_deleted": false
    }
  },
  {
    "model": "web.homeupcomingevent",
    "pk": "0bef7d82-27e3-4f68-97ce-f654f1bfbaca",
    "fields": {
      "title": "Arabic Fest",
      "sub_title": "\"Reunite and Celebrate: Join Us for Our Long-Awaited Reunion Event!\"",
      "description": "Alumni may be offered career development resources such as job postings, resume reviews, and mentoring programs",
      "date": "2023-06-06",
      "is_featured": false,
      "is_deleted": false
    }
  },
  {
    "model": "web.homeupcomingevent",
    "pk": "181e5b2c-070d-4613-8dd9-100be377c4b2",
    "fields": {
      "title": "Eco Club Event",
      "sub_title": "\"Reunite and Celebrate: Join Us for Our Long-Awaited Reunion Event!\"",
      "description": "A gathering of former classmates or graduates, often organized on a regular basis, such as annually or every five years",
      "date": "2023-07-31",
      "is_featured": false,
      "is_deleted": false
    }
  },
  {
    "model": "web.homeupcomingevent",
    "pk": "1c8dcdff-0daf-4835-85ee-9181c1796a07",
    "fields": {
      "title": "Eco Club Event",
      "sub_title": "\"Reunite and Celebrate: Join Us for Our Long-Awaited Reunion Event!\"",
      "description": "A gathering of former classmates or graduates, often organized on a regular basis, such as annually or every five years",
      "date": "2023-07-31",
      "is_featured": false,
      "is_deleted": false
    }
  },
  {
    "model": "web.homeupcomingevent",
    "pk": "23f46aa2-48f2-45a6-b9e6-fec8cb42e968",
    "fields": {
      "title": "Union Election",
      "sub_title": "\"Reunite and Celebrate: Join Us for Our Long-Awaited Reunion Event!\"",
      "description": "An opportunity for alumni to meet and connect with each other and potential employers or industry leaders",
      "date": "2023-08-17",
      "is_featured": false,
      "is_deleted": false
    }
  },
  {
    "model": "web.homeupcomingevent",
    "pk": "23fe1436-cbb4-4069-8b19-b73ac1deb2b2",
    "fields": {
      "title": "Arabic Fest",
      "sub_title": "\"Reunite and Celebrate: Join Us for Our Long-Awaited Reunion Event!\"",
      "description": "Alumni may be offered career development resources such as job postings, resume reviews, and mentoring programs",
      "date": "2023-06-06",
      "is_featured": false,
      "is_deleted": false
    }
  },
  {
    "model": "web.homeupcomingevent",
    "pk": "27e04cec-961d-4e14-a5e2-1b10402fd7cd",
    "fields": {
      "title": "Union Election",
      "sub_title": "\"Reunite and Celebrate: Join Us for Our Long-Awaited Reunion Event!\"",
      "description": "An opportunity for alumni to meet and connect with each other and potential employers or industry leaders",
      "date": "2023-08-17",
      "is_featured": false,
      "is_deleted": false
    }
  },
  {
    "model": "web.homeupcomingevent",
    "pk": "2d6790b7-b215-4686-ab30-d540e75402aa",
    "fields": {
      "title": "Arabic Fest",
      "sub_title": "\"Reunite and Celebrate: Join Us for Our Long-Awaited Reunion Event!\"",
      "description": "Alumni may be offered career development resources such as job postings, resume reviews, and mentoring programs",
      "date": "2023-06-06",
      "is_featured": false,
      "is_deleted": false
    }
  },
  {
    "model": "web.homeupcomingevent",
    "pk": "31ecd2ed-2bcc-4d67-b695-87482875e3a7",
    "fields": {
      "title": "Arabic Fest",
      "sub_title": "\"Reunite and Celebrate: Join Us for Our Long-Awaited Reunion Event!\"",
      "description": "Alumni may be offered career development resources such as job postings, resume reviews, and mentoring programs",
      "date": "2023-06-06",
      "is_featured": false,
      "is_deleted": false
    }
  },
  {
    "model": "web.homeupcomingevent",
    "pk": "363cc3b4-827e-4b0c-bcc3-6b8471d1ac57",
    "fields": {
      "title": "Eco Club Event",
      "sub_title": "\"Reunite and Celebrate: Join Us for Our Long-Awaited Reunion Event!\"",
      "description": "A gathering of former classmates or graduates, often organized on a regular basis, such as annually or every five years",
      "date": "2023-07-31",
      "is_featured": false,
      "is_deleted": false
    }
  },
  {
    "model": "web.homeupcomingevent",
    "pk": "379633bb-63a3-4d8e-8e0b-7e3ec1aad34e",
    "fields": {
      "title": "Union Election",
      "sub_title": "\"Reunite and Celebrate: Join Us for Our Long-Awaited Reunion Event!\"",
      "description": "An opportunity for alumni to meet and connect with each other and potential employers or industry leaders",
      "date": "2023-08-17",
      "is_featured": false,
      "is_deleted": false
    }
  },
  {
    "model": "web.homeupcomingevent",
    "pk": "3ab003ac-6563-4478-aaaf-3bdb1520ef3f",
    "fields": {
      "title": "Eco Club Event",
      "sub_title": "\"Reunite and Celebrate: Join Us for Our Long-Awaited Reunion Event!\"",
      "description": "A gathering of former classmates or graduates, often organized on a regular basis, such as annually or every five years",
      "date": "2023-07-31",
      "is_featured": false,
      "is_deleted": false
    }
  },
  {
    "model": "web.homeupcomingevent",
    "pk": "4fafc1c5-030c-4878-aba2-fa923c220983",
    "fields": {
      "title": "Union Election",
      "sub_title": "\"Reunite and Celebrate: Join Us for Our Long-Awaited Reunion Event!\"",
      "description": "An opportunity for alumni to meet and connect with each other and potential employers or industry leaders",
      "date": "2023-08-17",
      "is_featured": false,
      "is_deleted": false
    }
  },
  {
    "model": "web.homeupcomingevent",
    "pk": "4fb3f6d3-1c7f-4849-b7f9-7020b5eb43b5",
    "fields": {
      "title": "Eco Club Event",
      "sub_title": "\"Reunite and Celebrate: Join Us for Our Long-Awaited Reunion Event!\"",
      "description": "A gathering of former classmates or graduates, often organized on a regular basis, such as annually or every five years",
      "date": "2023-07-31",
      "is_featured": false,
      "is_deleted": false
    }
  },
  {
    "model": "web.homeupcomingevent",
    "pk": "5177c2e4-9bf0-4c02-8a13-d5120787f323",
    "fields": {
      "title": "Eco Club Event",
      "sub_title": "\"Reunite and Celebrate: Join Us for Our Long-Awaited Reunion Event!\"",
      "description": "A gathering of former classmates or graduates, often organized on a regular basis, such as annually or every five years",
      "date": "2023-07-31",
      "is_featured": true,
      "is_deleted": false
    }
  },
  {
    "model": "web.homeupcomingevent",
    "pk": "53339a28-f6b0-4884-96d9-9de696fde87d",
    "fields": {
      "title": "Eco Club Event",
      "sub_title": "\"Reunite and Celebrate: Join Us for Our Long-Awaited Reunion Event!\"",
      "description": "A gathering of former classmates or graduates, often organized on a regular basis, such as annually or every five years",
      "date": "2023-07-31",
      "is_featured": true,
      "is_deleted": false
    }
  },
  {
    "model": "web.homeupcomingevent",
    "pk": "5451336e-2cc9-40a6-8974-a7fd0ed5a37a",
    "fields": {
      "title": "Eco Club Event",
      "sub_title": "\"Reunite and Celebrate: Join Us for Our Long-Awaited Reunion Event!\"",
      "description": "A gathering of former classmates or graduates, often organized on a regular basis, such as annually or every five years",
      "date": "2023-07-31",
      "is_featured": true,
      "is_deleted": false
    }
  },
  {
    "model": "web.homeupcomingevent",
    "pk": "5c0e6e81-9ea7-4953-adde-33f2c6921f20",
    "fields": {
      "title": "Eco Club Event",
      "sub_title": "\"Reunite and Celebrate: Join Us for Our Long-Awaited Reunion Event!\"",
      "description": "A gathering of former classmates or graduates, often organized on a regular basis, such as annually or every five years",
      "date": "2023-07-31",
      "is_featured": false,
      "is_deleted": false
    }
  },
  {
    "model": "web.homeupcomingevent",
    "pk": "5cc81de1-d626-414b-9c00-cae1b6cdb9d3",
    "fields": {
      "title": "Arabic Fest",
      "sub_title": "\"Reunite and Celebrate: Join Us for Our Long-Awaited Reunion Event!\"",
      "description": "Alumni may be offered career development resources such as job postings, resume reviews, and mentoring programs",
      "date": "2023-06-06",
      "is_featured": true,
      "is_deleted": false
    }
  },
  {
    "model": "web.homeupcomingevent",
    "pk": "5cf6d726-f594-46b3-b9db-3912a0ab5e28",
    "fields": {
      "title": "Eco Club Event",
      "sub_title": "\"Reunite and Celebrate: Join Us for Our Long-Awaited Reunion Event!\"",
      "description": "A gathering of former classmates or graduates, often organized on a regular basis, such as annually or every five years",
      "date": "2023-07-31",
      "is_featured": true,
      "is_deleted": false
    }
  },
  {
    "model": "web.homeupcomingevent",
    "pk": "69242414-0121-4623-8ac5-67e98027ad74",
    "fields": {
      "title": "Union Election",
      "sub_title": "\"Reunite and Celebrate: Join Us for Our Long-Awaited Reunion Event!\"",
      "description": "An opportunity for alumni to meet and connect with each other and potential employers or industry leaders",
      "date": "2023-08-17",
      "is_featured": true,
      "is_deleted": false
    }
  },
  {
    "model": "web.homeupcomingevent",
    "pk": "69a1b30f-20ae-4ad9-b885-a4e255f9b4f7",
    "fields": {
      "title": "Arabic Fest",
      "sub_title": "\"Reunite and Celebrate: Join Us for Our Long-Awaited Reunion Event!\"",
      "description": "Alumni may be offered career development resources such as job postings, resume reviews, and mentoring programs",
      "date": "2023-06-06",
      "is_featured": true,
      "is_deleted": false
    }
  },
  {
    "model": "web.homeupcomingevent",
    "pk": "6bb5e06f-8ba8-4c45-862d-fb6b8c5ce6a5",
    "fields": {
      "title": "Arabic Fest",
      "sub_title": "\"Reunite and Celebrate: Join Us for Our Long-Awaited Reunion Event!\"",
      "description": "Alumni may be offered career development resources such as job postings, resume reviews, and mentoring programs",
      "date": "2023-06-06",
      "is_featured": true,
      "is_deleted": false
    }
  },
  {
    "model": "web.homeupcomingevent",
    "pk": "82dd6d39-f26d-43dc-885d-a09746eb045f",
    "fields": {
      "title": "Arabic Fest",
      "sub_title": "\"Reunite and Celebrate: Join Us for Our Long-Awaited Reunion Event!\"",
      "description": "Alumni may be offered career development resources such as job postings, resume reviews, and mentoring programs",
      "date": "2023-06-06",
      "is_featured": true,
      "is_deleted": false
    }
  },
  {
    "model": "web.homeupcomingevent",
    "pk": "86260dac-4199-434c-aee6-cc6bcefd625d",
    "fields": {
      "title": "Arabic Fest",
      "sub_title": "\"Reunite and Celebrate: Join Us for Our Long-Awaited Reunion Event!\"",
      "description": "Alumni may be offered career development resources such as job postings, resume reviews, and mentoring programs",
      "date": "2023-06-06",
      "is_featured": true,
      "is_deleted": false
    }
  },
  {
    "model": "web.homeupcomingevent",
    "pk": "89bd2159-b262-45b6-897c-6b37857f452b",
    "fields": {
      "title": "Arabic Fest",
      "sub_title": "\"Reunite and Celebrate: Join Us for Our Long-Awaited Reunion Event!\"",
      "description": "Alumni may be offered career development resources such as job postings, resume reviews, and mentoring programs",
      "date": "2023-06-06",
      "is_featured": true,
      "is_deleted": false
    }
  },
  {
    "model": "web.homeupcomingevent",
    "pk": "8ce1e453-a022-4357-89e6-8a89fc7a02a5",
    "fields": {
      "title": "Union Election",
      "sub_title": "\"Reunite and Celebrate: Join Us for Our Long-Awaited Reunion Event!\"",
      "description": "An opportunity for alumni to meet and connect with each other and potential employers or industry leaders",
      "date": "2023-08-17",
      "is_featured": false,
      "is_deleted": false
    }
  },
  {
    "model": "web.homeupcomingevent",
    "pk": "95ba0098-ee7b-4bc3-b465-114e8d7e608b",
    "fields": {
      "title": "Eco Club Event",
      "sub_title": "\"Reunite and Celebrate: Join Us for Our Long-Awaited Reunion Event!\"",
      "description": "A gathering of former classmates or graduates, often organized on a regular basis, such as annually or every five years",
      "date": "2023-07-31",
      "is_featured": false,
      "is_deleted": false
    }
  },
  {
    "model": "web.homeupcomingevent",
    "pk": "a180983e-ab23-4178-a9a3-5e43a5239ad4",
    "fields": {
      "title": "Eco Club Event",
      "sub_title": "\"Reunite and Celebrate: Join Us for Our Long-Awaited Reunion Event!\"",
      "description": "A gathering of former classmates or graduates, often organized on a regular basis, such as annually or every five years",
      "date": "2023-07-31",
      "is_featured": false,
      "is_deleted": false
    }
  },
  {
    "model": "web.homeupcomingevent",
    "pk": "f288a7dc-a2fd-4c8c-9f4b-32b40a75a21c",
    "fields": {
      "title": "Arabic Fest",
      "sub_title": "\"Reunite and Celebrate: Join Us for Our Long-Awaited Reunion Event!\"",
      "description": "Alumni may be offered career development resources such as job postings, resume reviews, and mentoring programs",
      "date": "2023-06-06",
      "is_featured": false,
      "is_deleted": false
    }
  },
  {
    "model": "web.homeupcomingeventgallery",
    "pk": 1,
    "fields": {
      "events": "181e5b2c-070d-4613-8dd9-100be377c4b2",
      "image": "home/news_and_events/events/images/Rectangle_33_10_urCBc0i.jpg"
    }
  },
  {
    "model": "web.homeupcomingeventgallery",
    "pk": 2,
    "fields": {
      "events": "181e5b2c-070d-4613-8dd9-100be377c4b2",
      "image": "home/news_and_events/events/images/Rectangle_33_6.jpg"
    }
  },
  {
    "model": "web.homeupcomingeventgallery",
    "pk": 3,
    "fields": {
      "events": "181e5b2c-070d-4613-8dd9-100be377c4b2",
      "image": "home/news_and_events/events/images/Rectangle_33_11_ONJlPHA.jpg"
    }
  },
  {
    "model": "web.homeupcomingeventgallery",
    "pk": 4,
    "fields": {
      "events": "69242414-0121-4623-8ac5-67e98027ad74",
      "image": "home/news_and_events/events/images/Rectangle_33_11_HHGAOMy.jpg"
    }
  },
  {
    "model": "web.homeupcomingeventgallery",
    "pk": 5,
    "fields": {
      "events": "69242414-0121-4623-8ac5-67e98027ad74",
      "image": "home/news_and_events/events/images/Rectangle_33_9_1Cp9mzD.jpg"
    }
  },
  {
    "model": "web.homeupcomingeventgallery",
    "pk": 6,
    "fields": {
      "events": "69242414-0121-4623-8ac5-67e98027ad74",
      "image": "home/news_and_events/events/images/Rectangle_33_8.jpg"
    }
  },
  {
    "model": "web.homeupcomingeventgallery",
    "pk": 13,
    "fields": {
      "events": "a180983e-ab23-4178-a9a3-5e43a5239ad4",
      "image": "home/news_and_events/events/images/Rectangle_33_10_urCBc0i.jpg"
    }
  },
  {
    "model": "web.homeupcomingeventgallery",
    "pk": 14,
    "fields": {
      "events": "a180983e-ab23-4178-a9a3-5e43a5239ad4",
      "image": "home/news_and_events/events/images/Rectangle_33_6.jpg"
    }
  },
  {
    "model": "web.homeupcomingeventgallery",
    "pk": 15,
    "fields": {
      "events": "a180983e-ab23-4178-a9a3-5e43a5239ad4",
      "image": "home/news_and_events/events/images/Rectangle_33_11_ONJlPHA.jpg"
    }
  },
  {
    "model": "web.homeupcomingeventgallery",
    "pk": 16,
    "fields": {
      "events": "86260dac-4199-434c-aee6-cc6bcefd625d",
      "image": "home/news_and_events/events/images/Rectangle_33_6_yx5xjIn.jpg"
    }
  },
  {
    "model": "web.homeupcomingeventgallery",
    "pk": 17,
    "fields": {
      "events": "86260dac-4199-434c-aee6-cc6bcefd625d",
      "image": "home/news_and_events/events/images/Rectangle_33_10_SnAjKuK.jpg"
    }
  },
  {
    "model": "web.homeupcomingeventgallery",
    "pk": 18,
    "fields": {
      "events": "86260dac-4199-434c-aee6-cc6bcefd625d",
      "image": "home/news_and_events/events/images/Rectangle_33_9_xNbIUfG.jpg"
    }
  },
  {
    "model": "web.homeupcomingeventgallery",
    "pk": 22,
    "fields": {
      "events": "4fafc1c5-030c-4878-aba2-fa923c220983",
      "image": "home/news_and_events/events/images/Rectangle_33_11_HHGAOMy.jpg"
    }
  },
  {
    "model": "web.homeupcomingeventgallery",
    "pk": 23,
    "fields": {
      "events": "4fafc1c5-030c-4878-aba2-fa923c220983",
      "image": "home/news_and_events/events/images/Rectangle_33_9_1Cp9mzD.jpg"
    }
  },
  {
    "model": "web.homeupcomingeventgallery",
    "pk": 24,
    "fields": {
      "events": "4fafc1c5-030c-4878-aba2-fa923c220983",
      "image": "home/news_and_events/events/images/Rectangle_33_8.jpg"
    }
  },
  {
    "model": "web.homeupcomingeventgallery",
    "pk": 25,
    "fields": {
      "events": "5451336e-2cc9-40a6-8974-a7fd0ed5a37a",
      "image": "home/news_and_events/events/images/Rectangle_33_10_urCBc0i.jpg"
    }
  },
  {
    "model": "web.homeupcomingeventgallery",
    "pk": 26,
    "fields": {
      "events": "5451336e-2cc9-40a6-8974-a7fd0ed5a37a",
      "image": "home/news_and_events/events/images/Rectangle_33_6.jpg"
    }
  },
  {
    "model": "web.homeupcomingeventgallery",
    "pk": 27,
    "fields": {
      "events": "5451336e-2cc9-40a6-8974-a7fd0ed5a37a",
      "image": "home/news_and_events/events/images/Rectangle_33_11_ONJlPHA.jpg"
    }
  },
  {
    "model": "web.homeupcomingeventgallery",
    "pk": 28,
    "fields": {
      "events": "5177c2e4-9bf0-4c02-8a13-d5120787f323",
      "image": "home/news_and_events/events/images/Rectangle_33_10_urCBc0i.jpg"
    }
  },
  {
    "model": "web.homeupcomingeventgallery",
    "pk": 29,
    "fields": {
      "events": "5177c2e4-9bf0-4c02-8a13-d5120787f323",
      "image": "home/news_and_events/events/images/Rectangle_33_6.jpg"
    }
  },
  {
    "model": "web.homeupcomingeventgallery",
    "pk": 30,
    "fields": {
      "events": "5177c2e4-9bf0-4c02-8a13-d5120787f323",
      "image": "home/news_and_events/events/images/Rectangle_33_11_ONJlPHA.jpg"
    }
  },
  {
    "model": "web.homeupcomingeventgallery",
    "pk": 31,
    "fields": {
      "events": "0bef7d82-27e3-4f68-97ce-f654f1bfbaca",
      "image": "home/news_and_events/events/images/Rectangle_33_6_yx5xjIn.jpg"
    }
  },
  {
    "model": "web.homeupcomingeventgallery",
    "pk": 32,
    "fields": {
      "events": "0bef7d82-27e3-4f68-97ce-f654f1bfbaca",
      "image": "home/news_and_events/events/images/Rectangle_33_10_SnAjKuK.jpg"
    }
  },
  {
    "model": "web.homeupcomingeventgallery",
    "pk": 33,
    "fields": {
      "events": "0bef7d82-27e3-4f68-97ce-f654f1bfbaca",
      "image": "home/news_and_events/events/images/Rectangle_33_9_xNbIUfG.jpg"
    }
  },
  {
    "model": "web.homeupcomingeventgallery",
    "pk": 40,
    "fields": {
      "events": "27e04cec-961d-4e14-a5e2-1b10402fd7cd",
      "image": "home/news_and_events/events/images/Rectangle_33_11_HHGAOMy.jpg"
    }
  },
  {
    "model": "web.homeupcomingeventgallery",
    "pk": 41,
    "fields": {
      "events": "27e04cec-961d-4e14-a5e2-1b10402fd7cd",
      "image": "home/news_and_events/events/images/Rectangle_33_9_1Cp9mzD.jpg"
    }
  },
  {
    "model": "web.homeupcomingeventgallery",
    "pk": 42,
    "fields": {
      "events": "27e04cec-961d-4e14-a5e2-1b10402fd7cd",
      "image": "home/news_and_events/events/images/Rectangle_33_8.jpg"
    }
  },
  {
    "model": "web.homeupcomingeventgallery",
    "pk": 49,
    "fields": {
      "events": "4fb3f6d3-1c7f-4849-b7f9-7020b5eb43b5",
      "image": "home/news_and_events/events/images/Rectangle_33_10_urCBc0i.jpg"
    }
  },
  {
    "model": "web.homeupcomingeventgallery",
    "pk": 50,
    "fields": {
      "events": "4fb3f6d3-1c7f-4849-b7f9-7020b5eb43b5",
      "image": "home/news_and_events/events/images/Rectangle_33_6.jpg"
    }
  },
  {
    "model": "web.homeupcomingeventgallery",
    "pk": 51,
    "fields": {
      "events": "4fb3f6d3-1c7f-4849-b7f9-7020b5eb43b5",
      "image": "home/news_and_events/events/images/Rectangle_33_11_ONJlPHA.jpg"
    }
  },
  {
    "model": "web.homeupcomingeventgallery",
    "pk": 52,
    "fields": {
      "events": "1c8dcdff-0daf-4835-85ee-9181c1796a07",
      "image": "home/news_and_events/events/images/Rectangle_33_10_urCBc0i.jpg"
    }
  },
  {
    "model": "web.homeupcomingeventgallery",
    "pk": 53,
    "fields": {
      "events": "1c8dcdff-0daf-4835-85ee-9181c1796a07",
      "image": "home/news_and_events/events/images/Rectangle_33_6.jpg"
    }
  },
  {
    "model": "web.homeupcomingeventgallery",
    "pk": 54,
    "fields": {
      "events": "1c8dcdff-0daf-4835-85ee-9181c1796a07",
      "image": "home/news_and_events/events/images/Rectangle_33_11_ONJlPHA.jpg"
    }
  },
  {
    "model": "web.homeupcomingeventgallery",
    "pk": 55,
    "fields": {
      "events": "53339a28-f6b0-4884-96d9-9de696fde87d",
      "image": "home/news_and_events/events/images/Rectangle_33_10_urCBc0i.jpg"
    }
  },
  {
    "model": "web.homeupcomingeventgallery",
    "pk": 56,
    "fields": {
      "events": "53339a28-f6b0-4884-96d9-9de696fde87d",
      "image": "home/news_and_events/events/images/Rectangle_33_6.jpg"
    }
  },
  {
    "model": "web.homeupcomingeventgallery",
    "pk": 57,
    "fields": {
      "events": "53339a28-f6b0-4884-96d9-9de696fde87d",
      "image": "home/news_and_events/events/images/Rectangle_33_11_ONJlPHA.jpg"
    }
  },
  {
    "model": "web.homeupcomingeventgallery",
    "pk": 58,
    "fields": {
      "events": "363cc3b4-827e-4b0c-bcc3-6b8471d1ac57",
      "image": "home/news_and_events/events/images/Rectangle_33_10_urCBc0i.jpg"
    }
  },
  {
    "model": "web.homeupcomingeventgallery",
    "pk": 59,
    "fields": {
      "events": "363cc3b4-827e-4b0c-bcc3-6b8471d1ac57",
      "image": "home/news_and_events/events/images/Rectangle_33_6.jpg"
    }
  },
  {
    "model": "web.homeupcomingeventgallery",
    "pk": 60,
    "fields": {
      "events": "363cc3b4-827e-4b0c-bcc3-6b8471d1ac57",
      "image": "home/news_and_events/events/images/Rectangle_33_11_ONJlPHA.jpg"
    }
  },
  {
    "model": "web.homeupcomingeventgallery",
    "pk": 61,
    "fields": {
      "events": "23fe1436-cbb4-4069-8b19-b73ac1deb2b2",
      "image": "home/news_and_events/events/images/Rectangle_33_6_yx5xjIn.jpg"
    }
  },
  {
    "model": "web.homeupcomingeventgallery",
    "pk": 62,
    "fields": {
      "events": "23fe1436-cbb4-4069-8b19-b73ac1deb2b2",
      "image": "home/news_and_events/events/images/Rectangle_33_10_SnAjKuK.jpg"
    }
  },
  {
    "model": "web.homeupcomingeventgallery",
    "pk": 63,
    "fields": {
      "events": "23fe1436-cbb4-4069-8b19-b73ac1deb2b2",
      "image": "home/news_and_events/events/images/Rectangle_33_9_xNbIUfG.jpg"
    }
  },
  {
    "model": "web.homeupcomingeventgallery",
    "pk": 67,
    "fields": {
      "events": "89bd2159-b262-45b6-897c-6b37857f452b",
      "image": "home/news_and_events/events/images/Rectangle_33_6_yx5xjIn.jpg"
    }
  },
  {
    "model": "web.homeupcomingeventgallery",
    "pk": 68,
    "fields": {
      "events": "89bd2159-b262-45b6-897c-6b37857f452b",
      "image": "home/news_and_events/events/images/Rectangle_33_10_SnAjKuK.jpg"
    }
  },
  {
    "model": "web.homeupcomingeventgallery",
    "pk": 69,
    "fields": {
      "events": "89bd2159-b262-45b6-897c-6b37857f452b",
      "image": "home/news_and_events/events/images/Rectangle_33_9_xNbIUfG.jpg"
    }
  },
  {
    "model": "web.homeupcomingeventgallery",
    "pk": 70,
    "fields": {
      "events": "31ecd2ed-2bcc-4d67-b695-87482875e3a7",
      "image": "home/news_and_events/events/images/Rectangle_33_6_yx5xjIn.jpg"
    }
  },
  {
    "model": "web.homeupcomingeventgallery",
    "pk": 71,
    "fields": {
      "events": "31ecd2ed-2bcc-4d67-b695-87482875e3a7",
      "image": "home/news_and_events/events/images/Rectangle_33_10_SnAjKuK.jpg"
    }
  },
  {
    "model": "web.homeupcomingeventgallery",
    "pk": 72,
    "fields": {
      "events": "31ecd2ed-2bcc-4d67-b695-87482875e3a7",
      "image": "home/news_and_events/events/images/Rectangle_33_9_xNbIUfG.jpg"
    }
  },
  {
    "model": "web.homeupcomingeventgallery",
    "pk": 82,
    "fields": {
      "events": "0765c9ec-d7da-4429-85b5-ab2242634197",
      "image": "home/news_and_events/events/images/Rectangle_33_11_HHGAOMy.jpg"
    }
  },
  {
    "model": "web.homeupcomingeventgallery",
    "pk": 83,
    "fields": {
      "events": "0765c9ec-d7da-4429-85b5-ab2242634197",
      "image": "home/news_and_events/events/images/Rectangle_33_9_1Cp9mzD.jpg"
    }
  },
  {
    "model": "web.homeupcomingeventgallery",
    "pk": 84,
    "fields": {
      "events": "0765c9ec-d7da-4429-85b5-ab2242634197",
      "image": "home/news_and_events/events/images/Rectangle_33_8.jpg"
    }
  },
  {
    "model": "web.homeupcomingeventgallery",
    "pk": 85,
    "fields": {
      "events": "8ce1e453-a022-4357-89e6-8a89fc7a02a5",
      "image": "home/news_and_events/events/images/Rectangle_33_11_HHGAOMy.jpg"
    }
  },
  {
    "model": "web.homeupcomingeventgallery",
    "pk": 86,
    "fields": {
      "events": "8ce1e453-a022-4357-89e6-8a89fc7a02a5",
      "image": "home/news_and_events/events/images/Rectangle_33_9_1Cp9mzD.jpg"
    }
  },
  {
    "model": "web.homeupcomingeventgallery",
    "pk": 87,
    "fields": {
      "events": "8ce1e453-a022-4357-89e6-8a89fc7a02a5",
      "image": "home/news_and_events/events/images/Rectangle_33_8.jpg"
    }
  },
  {
    "model": "web.homeupcomingeventgallery",
    "pk": 91,
    "fields": {
      "events": "23f46aa2-48f2-45a6-b9e6-fec8cb42e968",
      "image": "home/news_and_events/events/images/Rectangle_33_11_HHGAOMy.jpg"
    }
  },
  {
    "model": "web.homeupcomingeventgallery",
    "pk": 92,
    "fields": {
      "events": "23f46aa2-48f2-45a6-b9e6-fec8cb42e968",
      "image": "home/news_and_events/events/images/Rectangle_33_9_1Cp9mzD.jpg"
    }
  },
  {
    "model": "web.homeupcomingeventgallery",
    "pk": 93,
    "fields": {
      "events": "23f46aa2-48f2-45a6-b9e6-fec8cb42e968",
      "image": "home/news_and_events/events/images/Rectangle_33_8.jpg"
    }
  },
  {
    "model": "web.homeupcomingeventgallery",
    "pk": 94,
    "fields": {
      "events": "379633bb-63a3-4d8e-8e0b-7e3ec1aad34e",
      "image": "home/news_and_events/events/images/Rectangle_33_11_HHGAOMy.jpg"
    }
  },
  {
    "model": "web.homeupcomingeventgallery",
    "pk": 95,
    "fields": {
      "events": "379633bb-63a3-4d8e-8e0b-7e3ec1aad34e",
      "image": "home/news_and_events/events/images/Rectangle_33_9_1Cp9mzD.jpg"
    }
  },
  {
    "model": "web.homeupcomingeventgallery",
    "pk": 96,
    "fields": {
      "events": "379633bb-63a3-4d8e-8e0b-7e3ec1aad34e",
      "image": "home/news_and_events/events/images/Rectangle_33_8.jpg"
    }
  },
  {
    "model": "web.homeupcomingeventgallery",
    "pk": 97,
    "fields": {
      "events": "95ba0098-ee7b-4bc3-b465-114e8d7e608b",
      "image": "home/news_and_events/events/images/Rectangle_33_10_urCBc0i.jpg"
    }
  },
  {
    "model": "web.homeupcomingeventgallery",
    "pk": 98,
    "fields": {
      "events": "95ba0098-ee7b-4bc3-b465-114e8d7e608b",
      "image": "home/news_and_events/events/images/Rectangle_33_6.jpg"
    }
  },
  {
    "model": "web.homeupcomingeventgallery",
    "pk": 99,
    "fields": {
      "events": "95ba0098-ee7b-4bc3-b465-114e8d7e608b",
      "image": "home/news_and_events/events/images/Rectangle_33_11_ONJlPHA.jpg"
    }
  },
  {
    "model": "web.homeupcomingeventgallery",
    "pk": 100,
    "fields": {
      "events": "5cf6d726-f594-46b3-b9db-3912a0ab5e28",
      "image": "home/news_and_events/events/images/Rectangle_33_10_urCBc0i.jpg"
    }
  },
  {
    "model": "web.homeupcomingeventgallery",
    "pk": 101,
    "fields": {
      "events": "5cf6d726-f594-46b3-b9db-3912a0ab5e28",
      "image": "home/news_and_events/events/images/Rectangle_33_6.jpg"
    }
  },
  {
    "model": "web.homeupcomingeventgallery",
    "pk": 102,
    "fields": {
      "events": "5cf6d726-f594-46b3-b9db-3912a0ab5e28",
      "image": "home/news_and_events/events/images/Rectangle_33_11_ONJlPHA.jpg"
    }
  },
  {
    "model": "web.homeupcomingeventgallery",
    "pk": 103,
    "fields": {
      "events": "3ab003ac-6563-4478-aaaf-3bdb1520ef3f",
      "image": "home/news_and_events/events/images/Rectangle_33_10_urCBc0i.jpg"
    }
  },
  {
    "model": "web.homeupcomingeventgallery",
    "pk": 104,
    "fields": {
      "events": "3ab003ac-6563-4478-aaaf-3bdb1520ef3f",
      "image": "home/news_and_events/events/images/Rectangle_33_6.jpg"
    }
  },
  {
    "model": "web.homeupcomingeventgallery",
    "pk": 105,
    "fields": {
      "events": "3ab003ac-6563-4478-aaaf-3bdb1520ef3f",
      "image": "home/news_and_events/events/images/Rectangle_33_11_ONJlPHA.jpg"
    }
  },
  {
    "model": "web.homeupcomingeventgallery",
    "pk": 106,
    "fields": {
      "events": "5c0e6e81-9ea7-4953-adde-33f2c6921f20",
      "image": "home/news_and_events/events/images/Rectangle_33_10_urCBc0i.jpg"
    }
  },
  {
    "model": "web.homeupcomingeventgallery",
    "pk": 107,
    "fields": {
      "events": "5c0e6e81-9ea7-4953-adde-33f2c6921f20",
      "image": "home/news_and_events/events/images/Rectangle_33_6.jpg"
    }
  },
  {
    "model": "web.homeupcomingeventgallery",
    "pk": 108,
    "fields": {
      "events": "5c0e6e81-9ea7-4953-adde-33f2c6921f20",
      "image": "home/news_and_events/events/images/Rectangle_33_11_ONJlPHA.jpg"
    }
  },
  {
    "model": "web.homeupcomingeventgallery",
    "pk": 109,
    "fields": {
      "events": "0aba8c51-c710-4b02-aa22-518b4739b9d7",
      "image": "home/news_and_events/events/images/Rectangle_33_10_urCBc0i.jpg"
    }
  },
  {
    "model": "web.homeupcomingeventgallery",
    "pk": 110,
    "fields": {
      "events": "0aba8c51-c710-4b02-aa22-518b4739b9d7",
      "image": "home/news_and_events/events/images/Rectangle_33_6.jpg"
    }
  },
  {
    "model": "web.homeupcomingeventgallery",
    "pk": 111,
    "fields": {
      "events": "0aba8c51-c710-4b02-aa22-518b4739b9d7",
      "image": "home/news_and_events/events/images/Rectangle_33_11_ONJlPHA.jpg"
    }
  },
  {
    "model": "web.homeupcomingeventgallery",
    "pk": 121,
    "fields": {
      "events": "f288a7dc-a2fd-4c8c-9f4b-32b40a75a21c",
      "image": "home/news_and_events/events/images/Rectangle_33_6_yx5xjIn.jpg"
    }
  },
  {
    "model": "web.homeupcomingeventgallery",
    "pk": 122,
    "fields": {
      "events": "f288a7dc-a2fd-4c8c-9f4b-32b40a75a21c",
      "image": "home/news_and_events/events/images/Rectangle_33_10_SnAjKuK.jpg"
    }
  },
  {
    "model": "web.homeupcomingeventgallery",
    "pk": 123,
    "fields": {
      "events": "f288a7dc-a2fd-4c8c-9f4b-32b40a75a21c",
      "image": "home/news_and_events/events/images/Rectangle_33_9_xNbIUfG.jpg"
    }
  },
  {
    "model": "web.homeupcomingeventgallery",
    "pk": 124,
    "fields": {
      "events": "82dd6d39-f26d-43dc-885d-a09746eb045f",
      "image": "home/news_and_events/events/images/Rectangle_33_6_yx5xjIn.jpg"
    }
  },
  {
    "model": "web.homeupcomingeventgallery",
    "pk": 125,
    "fields": {
      "events": "82dd6d39-f26d-43dc-885d-a09746eb045f",
      "image": "home/news_and_events/events/images/Rectangle_33_10_SnAjKuK.jpg"
    }
  },
  {
    "model": "web.homeupcomingeventgallery",
    "pk": 126,
    "fields": {
      "events": "82dd6d39-f26d-43dc-885d-a09746eb045f",
      "image": "home/news_and_events/events/images/Rectangle_33_9_xNbIUfG.jpg"
    }
  },
  {
    "model": "web.homeupcomingeventgallery",
    "pk": 127,
    "fields": {
      "events": "5cc81de1-d626-414b-9c00-cae1b6cdb9d3",
      "image": "home/news_and_events/events/images/Rectangle_33_6_yx5xjIn.jpg"
    }
  },
  {
    "model": "web.homeupcomingeventgallery",
    "pk": 128,
    "fields": {
      "events": "5cc81de1-d626-414b-9c00-cae1b6cdb9d3",
      "image": "home/news_and_events/events/images/Rectangle_33_10_SnAjKuK.jpg"
    }
  },
  {
    "model": "web.homeupcomingeventgallery",
    "pk": 129,
    "fields": {
      "events": "5cc81de1-d626-414b-9c00-cae1b6cdb9d3",
      "image": "home/news_and_events/events/images/Rectangle_33_9_xNbIUfG.jpg"
    }
  },
  {
    "model": "web.homeupcomingeventgallery",
    "pk": 130,
    "fields": {
      "events": "2d6790b7-b215-4686-ab30-d540e75402aa",
      "image": "home/news_and_events/events/images/Rectangle_33_6_yx5xjIn.jpg"
    }
  },
  {
    "model": "web.homeupcomingeventgallery",
    "pk": 131,
    "fields": {
      "events": "2d6790b7-b215-4686-ab30-d540e75402aa",
      "image": "home/news_and_events/events/images/Rectangle_33_10_SnAjKuK.jpg"
    }
  },
  {
    "model": "web.homeupcomingeventgallery",
    "pk": 132,
    "fields": {
      "events": "2d6790b7-b215-4686-ab30-d540e75402aa",
      "image": "home/news_and_events/events/images/Rectangle_33_9_xNbIUfG.jpg"
    }
  },
  {
    "model": "web.homeupcomingeventgallery",
    "pk": 136,
    "fields": {
      "events": "6bb5e06f-8ba8-4c45-862d-fb6b8c5ce6a5",
      "image": "home/news_and_events/events/images/Rectangle_33_6_yx5xjIn.jpg"
    }
  },
  {
    "model": "web.homeupcomingeventgallery",
    "pk": 137,
    "fields": {
      "events": "6bb5e06f-8ba8-4c45-862d-fb6b8c5ce6a5",
      "image": "home/news_and_events/events/images/Rectangle_33_10_SnAjKuK.jpg"
    }
  },
  {
    "model": "web.homeupcomingeventgallery",
    "pk": 138,
    "fields": {
      "events": "6bb5e06f-8ba8-4c45-862d-fb6b8c5ce6a5",
      "image": "home/news_and_events/events/images/Rectangle_33_9_xNbIUfG.jpg"
    }
  },
  {
    "model": "web.homeupcomingeventgallery",
    "pk": 139,
    "fields": {
      "events": "69a1b30f-20ae-4ad9-b885-a4e255f9b4f7",
      "image": "home/news_and_events/events/images/Rectangle_33_6_yx5xjIn.jpg"
    }
  },
  {
    "model": "web.homeupcomingeventgallery",
    "pk": 140,
    "fields": {
      "events": "69a1b30f-20ae-4ad9-b885-a4e255f9b4f7",
      "image": "home/news_and_events/events/images/Rectangle_33_10_SnAjKuK.jpg"
    }
  },
  {
    "model": "web.homeupcomingeventgallery",
    "pk": 141,
    "fields": {
      "events": "69a1b30f-20ae-4ad9-b885-a4e255f9b4f7",
      "image": "home/news_and_events/events/images/Rectangle_33_9_xNbIUfG.jpg"
    }
  },
  {
    "model": "web.homeupcomingeventgallery",
    "pk": 142,
    "fields": {
      "events": "04619e6c-bf0f-45c0-a5a2-d754deed0112",
      "image": "home/news_and_events/events/images/Rectangle_33_6_yx5xjIn.jpg"
    }
  },
  {
    "model": "web.homeupcomingeventgallery",
    "pk": 143,
    "fields": {
      "events": "04619e6c-bf0f-45c0-a5a2-d754deed0112",
      "image": "home/news_and_events/events/images/Rectangle_33_10_SnAjKuK.jpg"
    }
  },
  {
    "model": "web.homeupcomingeventgallery",
    "pk": 144,
    "fields": {
      "events": "04619e6c-bf0f-45c0-a5a2-d754deed0112",
      "image": "home/news_and_events/events/images/Rectangle_33_9_xNbIUfG.jpg"
    }
  },
  {
    "model": "web.homeannouncement",
    "pk": 1,
    "fields": {
      "title": "Research Papers invited for International Arabic Inter Conference",
      "link": "https://call-for-papers.sas.upenn.edu/cfp/2023/04/09/the-ninth-international-conference-on-languages-linguistics-translation-and",
      "date": "2023-05-07",
      "is_deleted": false
    }
  },
  {
    "model": "web.homeannouncement",
    "pk": 2,
    "fields": {
      "title": "Karnataka PGCET 2022 Answer Key: Last Date To Raise Objections Today",
      "link": "https://www.ndtv.com/education/last-date-raise-objections-against-karnataka-pgcet-2022-answer-key-today-3594739",
      "date": "2023-05-07",
      "is_deleted": false
    }
  },
  {
    "model": "web.homeannouncement",
    "pk": 3,
    "fields": {
      "title": "MP: Booked Indore college principal says 'controversial'",
      "link": "https://call-for-papers.sas.upenn.edu/cfp/2023/04/09/the-ninth-international-conference-on-languages-linguistics-translation-and",
      "date": "2023-05-07",
      "is_deleted": false
    }
  },
  {
    "model": "web.homeannouncement",
    "pk": 4,
    "fields": {
      "title": "CLAT 2023 Admit Card Today, How To Download At Consortiumofnlus.ac.in",
      "link": "https://call-for-papers.sas.upenn.edu/cfp/2023/04/09/the-ninth-international-conference-on-languages-linguistics-translation-and",
      "date": "2023-05-07",
      "is_deleted": false
    }
  },
  {
    "model": "web.homeannouncement",
    "pk": 5,
    "fields": {
      "title": "DU UG Admission 2022: Over 1,700 Candidates Secure",
      "link": "https://call-for-papers.sas.upenn.edu/cfp/2023/04/09/the-ninth-international-conference-on-languages-linguistics-translation-and",
      "date": "2023-05-07",
      "is_deleted": false
    }
  },
  {
    "model": "web.homeannouncement",
    "pk": 6,
    "fields": {
      "title": "AP EAPCET 2022 Counselling: Seat Allotment Result For MPC Stream Tomorrow",
      "link": "https://call-for-papers.sas.upenn.edu/cfp/2023/04/09/the-ninth-international-conference-on-languages-linguistics-translation-and",
      "date": "2023-05-07",
      "is_deleted": false
    }
  },
  {
    "model": "web.homeannouncement",
    "pk": 7,
    "fields": {
      "title": "Rajasthan NEET UG 2022 Counselling: Mop-Up Round Registration Begins",
      "link": "https://call-for-papers.sas.upenn.edu/cfp/2023/04/09/the-ninth-international-conference-on-languages-linguistics-translation-and",
      "date": "2023-05-07",
      "is_deleted": false
    }
  },
  {
    "model": "web.homeannouncement",
    "pk": 8,
    "fields": {
      "title": "NEET SS Counselling 2022: Round 1 Choice Filling Begins Today",
      "link": "https://call-for-papers.sas.upenn.edu/cfp/2023/04/09/the-ninth-international-conference-on-languages-linguistics-translation-and",
      "date": "2023-05-07",
      "is_deleted": false
    }
  },
  {
    "model": "web.homeinstitutionheading",
    "pk": 1,
    "fields": {
      "title": "Our other Institutions",
      "description": "An institution is a social structure in which people cooperate and which influences the behavior of people and the way they live"
    }
  },
  {
    "model": "web.homeinstitution",
    "pk": 1,
    "fields": {
      "institution": 1,
      "title": "JNE Arts College",
      "description": "Sed vitae fermentum fringilla urna in vivamus non et nec. Consectetur sed\r\nurna in vivamus non et nec.",
      "image": "home/institution/images/Rectangle_36.jpg",
      "is_deleted": false
    }
  },
  {
    "model": "web.homeinstitution",
    "pk": 2,
    "fields": {
      "institution": 1,
      "title": "JNE Sharia College",
      "description": "Integer tortor nunc vulputate pellentesque turpis pellentesque sit.\r\n pellentesque turpis",
      "image": "home/institution/images/Rectangle_36_1.jpg",
      "is_deleted": false
    }
  },
  {
    "model": "web.homeinstitution",
    "pk": 3,
    "fields": {
      "institution": 1,
      "title": "JNE Science College",
      "description": "At sit sed urna morbi. Et quam velit volutpat tellus et non pellentesque sed. Nisi condimentum massa.",
      "image": "home/institution/images/Rectangle_36_2.jpg",
      "is_deleted": false
    }
  },
  {
    "model": "web.homeinstitution",
    "pk": 4,
    "fields": {
      "institution": 1,
      "title": "JNE Women's Arabic College",
      "description": "Eu platea ornare non adipiscing elit leo pellentesque ac placerat.",
      "image": "home/institution/images/Rectangle_36_3.jpg",
      "is_deleted": false
    }
  },
  {
    "model": "about.aboutusspotlight",
    "pk": 1,
    "fields": {
      "title": "About Us",
      "sub_title": "Jamia Nadawiyya Training College owes her genesis and efflorescence.",
      "image": "about_us/spotlight/image/Banner.jpg"
    }
  },
  {
    "model": "about.history",
    "pk": 1,
    "fields": {
      "title": "Our History",
      "sub_title": "Jamia Nadawiyya Training College owes her genesis and efflorescence.",
      "description": "Jamia Nadawiyya Training College owes her genesis and efflorescence to KNM (2/1957), the most progressive muslim religious organization founded in 1950. The college was established in 1991 and maintained by the central committee of its organization. Jamia Nadwiyya trust board was constituted for the purpose. Dr. Usman Sahib, President of K.N.M was the first chairman of the trust board which established the college.\r\n\r\n    The college aims to build an enlightened, strong and prosperous nation through education. The responsibility to mould the destiny of the students depends to a large extent on their teachers who take pain to nurture and develop them. Jamia Nadwiyya Training College has premium faculty and those teacher educators have contributed significantly to inspire and inculcate patriotic feeling among the student teachers. Under their guidance, J.N.T.C has always remained as the torch bearer of the nation's most cherished noble ideals and reflects on the nation's main ethos, aspirations and concerns. It is one of the premier teacher education institutions in the state of Kerala offering secondary education courses and aims to create ideal teachers who help their students to blossom their dreams and to create a developed nation.\r\n\r\n    Jamia Nadwiyya training college provides top quality education to pre-service student teachers with well established infrastructure, human resource and curricular programmes. As the students come out from the portals of this institution, they develop their body, mind and personality. Capacity building for decision making, inculcating values such as respect for civic and social intuitions and getting sound knowledge in pedagogical practices are the key areas promoted in this college. Transmission and transformation of culture all get manifested in various activities under-taken through curricular, co-curricular and extra curricular activities of the college. Democratic practices are promoted through community living camps and individual development is attained through self study, supervised study and computer assisted instruction.\r\n\r\n    It strives to produce school teachers with caliber, competence and commitment. After all, we offer courses with the unique imagination. We try to familiarize the pre service student teachers with the changing profile of the profession and get them familiarized with the latest techniques and technology. Learning to know learning to do, learning to live together and learning to be, are the four pillars of the educational programme. The college strives to liberate the trainees from ignorance and ill health. It aims to create an enlightened society, modern in performance scientific in out look and yet committed in traditional values. The attitudinal changes will be effected through technology enabled class rooms.\r\n\r\n    It caters to the needs of the students of rural and backward area and serve all people irrespective of caste, creed and religious affiliation. This teacher education institution is growing from strength to strength, giving emphasis to positive education that may lead to positive thinking and wish to build a prosperous and well developed nation in the immediate future.\r\n\r\n    Molding next generation teachers as professionally competent and socially responsible citizens are the noble aims of Jamia Nadwiyya Training College (J.N.T.C). Since its inception, the college has had created a niche for itself, and is recognized as an innovative teacher education centre treading a different path. J.N.T.C is considered as a hall mark to teacher education, and it is evident from the ever growing demand for its students. With the mushrooming of institutions offering teacher education, it has become the responsibility of Jamia Nadwiyya to take lead and offer quality education uncompromisingly.",
      "image": "about_us/history/image/background1.png"
    }
  },
  {
    "model": "about.futuregoalgallery",
    "pk": 1,
    "fields": {
      "image_title": "Education goal",
      "image": "about_us/future_goal_gallery/image/vision.png"
    }
  },
  {
    "model": "about.planning",
    "pk": 1,
    "fields": {
      "image": 1,
      "title": "Our Vision",
      "description": "To evolve into a premier teacher education institution , molding eminent teachers with creative minds , innovative ideas and sound practical skill and to shape a future where human values are included for the enrichment of mankind."
    }
  },
  {
    "model": "about.planning",
    "pk": 2,
    "fields": {
      "image": 1,
      "title": "Our Mission",
      "description": "To evolve into a premier teacher education institution , molding eminent teachers with creative minds , innovative ideas and sound practical skill and to shape a future where human values are included for the enrichment of mankind."
    }
  },
  {
    "model": "about.objective",
    "pk": 1,
    "fields": {
      "description": "We wish to make the college a great storehouse of learning , a great bureau of standards, a great workshop of knowledge, a great laboratory for the training as well of men of thought as of men of action. The college would serve as an instrument for the conservation of knowledge, for the discovery of knowledge, for the distribution of knowledge, and above all, for the creation of knowledge-makers."
    }
  },
  {
    "model": "about.objective",
    "pk": 2,
    "fields": {
      "description": "The institution has the vision to educate the students to assume social obligations-to train as excellent teachers to solve social problems to help set ethical directions for society. The college is concerned with student growth and   development, the discovery and refinement of knowledge, and to increase the social impact on the community."
    }
  },
  {
    "model": "about.objective",
    "pk": 3,
    "fields": {
      "description": "The college shall  pay attention to enable the students to be: caring for oneself  ,including  ones health ,caring ones family ,friends and peers; caring for other people ;caring for students and  co-workers, caring  for the social ,economic and ecological welfare of ones society and nation ;caring for human rights; caring for other spices; caring for the livability of the earth; caring for truth, knowledge and learning ."
    }
  },
  {
    "model": "about.ourmanagement",
    "pk": 1,
    "fields": {
      "name": "TP Abdulla Koya Madani",
      "image": "about_us/our_management/images/profile.png",
      "designation": "Chairman",
      "is_deleted": false
    }
  },
  {
    "model": "about.ourmanagement",
    "pk": 2,
    "fields": {
      "name": "Noor Muhammed Noorsha",
      "image": "about_us/our_management/images/profile2.png",
      "designation": "Managing Trustee",
      "is_deleted": false
    }
  },
  {
    "model": "about.ourmanagement",
    "pk": 3,
    "fields": {
      "name": "Pror. Abdul Samad Sullami",
      "image": "about_us/our_management/images/profile3.png",
      "designation": "Secretary",
      "is_deleted": false
    }
  },
  {
    "model": "about.ourmanagement",
    "pk": 4,
    "fields": {
      "name": "Adhil Atheef Swalahi",
      "image": "about_us/our_management/images/profile4.png",
      "designation": "Director",
      "is_deleted": false
    }
  },
  {
    "model": "about.ouradministrativestaff",
    "pk": 1,
    "fields": {
      "name": "Wilson Korsgaard",
      "image": "about_us/administrative_staff/images/Rectangle_46_7.jpg",
      "designation": "Office Superintendent",
      "is_deleted": false
    }
  },
  {
    "model": "about.ouradministrativestaff",
    "pk": 2,
    "fields": {
      "name": "Craig Culhane",
      "image": "about_us/administrative_staff/images/Rectangle_46_8.jpg",
      "designation": "Account  Assistant",
      "is_deleted": false
    }
  },
  {
    "model": "about.ouradministrativestaff",
    "pk": 3,
    "fields": {
      "name": "Mira Botosh",
      "image": "about_us/administrative_staff/images/Rectangle_46_9.jpg",
      "designation": "Office Assistant",
      "is_deleted": false
    }
  },
  {
    "model": "about.ouradministrativestaff",
    "pk": 4,
    "fields": {
      "name": "Craig Geidt",
      "image": "about_us/administrative_staff/images/Rectangle_46_10.jpg",
      "designation": "Librarian",
      "is_deleted": false
    }
  },
  {
    "model": "about.annualreport",
    "pk": 1,
    "fields": {
      "year_of_report": "2013-2014",
      "file": "academic/academic_calender/files/Banner.jpg"
    }
  },
  {
    "model": "about.annualreport",
    "pk": 2,
    "fields": {
      "year_of_report": "2014-2015",
      "file": "academic/academic_calender/files/Banner.jpg"
    }
  },
  {
    "model": "about.annualreport",
    "pk": 3,
    "fields": {
      "year_of_report": "2016-2017",
      "file": "academic/academic_calender/files/Banner.jpg"
    }
  },
  {
    "model": "about.annualreport",
    "pk": 4,
    "fields": {
      "year_of_report": "2017-2018",
      "file": "academic/academic_calender/files/Banner.jpg"
    }
  },
  {
    "model": "about.annualreport",
    "pk": 5,
    "fields": {
      "year_of_report": "2017-2018",
      "file": "academic/academic_calender/files/Banner.jpg"
    }
  },
  {
    "model": "about.annualreport",
    "pk": 6,
    "fields": {
      "year_of_report": "2022-2023",
      "file": "academic/academic_calender/files/Banner.jpg"
    }
  },
  {
    "model": "about.rulesandregulation",
    "pk": 1,
    "fields": {
      "title": "Training College Rules and Regulations",
      "file": "academic/academic_calender/files/Banner.jpg"
    }
  },
  {
    "model": "contact.jntclogo",
    "pk": 1,
    "fields": {
      "title": "Consequat pharetra risus ullamcorper diam amet vitae diam mauris. A donec in urna ac lectus volutpat. Molestie imperdiet",
      "image": "logo/image/Logo.png"
    }
  },
  {
    "model": "contact.contactusspotlight",
    "pk": 1,
    "fields": {
      "title": "Contact Us",
      "sub_title": "Jamia Nadawiyya Training College owes her genesis and efflorescence.",
      "image": "contact_us/spotlight/image/test.jpg"
    }
  },
  {
    "model": "contact.contactusdetail",
    "pk": 1,
    "fields": {
      "address": "6544+VHX, Chembakuth, \r\nEdavanna, Kerala 676123",
      "map_link": "https://goo.gl/maps/tbTGkQAvmR2xEiLP6",
      "phone_number": "+91 6532147896",
      "email": "JNTC@officemail.com"
    }
  },
  {
    "model": "contact.socialmedia",
    "pk": 1,
    "fields": {
      "title": "Facebook",
      "url": "https://www.facebook.com/JamiaNadwiyyaOfficial/",
      "icon": "contact_us/social_media/icons/Icons.svg"
    }
  },
  {
    "model": "contact.socialmedia",
    "pk": 2,
    "fields": {
      "title": "Instagram",
      "url": "https://www.instagram.com/jamianadwiyyaofficial/?hl=en",
      "icon": "contact_us/social_media/icons/Icons_1.svg"
    }
  },
  {
    "model": "contact.socialmedia",
    "pk": 3,
    "fields": {
      "title": "Twitter",
      "url": "https://twitter.com/jamianadwiyya?lang=en",
      "icon": "contact_us/social_media/icons/Icons_2.svg"
    }
  },
  {
    "model": "contact.contactusenquiry",
    "pk": 5,
    "fields": {
      "first_name": "Abhishek",
      "last_name": "Ruby",
      "phone_number": "9727851561",
      "email": "abhishekruby94@gmail.com",
      "message": "hii"
    }
  },
  {
    "model": "contact.contactusenquiry",
    "pk": 6,
    "fields": {
      "first_name": "Abhishek",
      "last_name": "Ruby",
      "phone_number": "9727851561",
      "email": "abhishekruby94@gmail.com",
      "message": "Hiii"
    }
  },
  {
    "model": "contact.contactusenquiry",
    "pk": 7,
    "fields": {
      "first_name": "Abhishek",
      "last_name": "Ruby",
      "phone_number": "9727851561",
      "email": "abhishekruby94@gmail.com",
      "message": "Hiii"
    }
  },
  {
    "model": "contact.contactusenquiry",
    "pk": 8,
    "fields": {
      "first_name": "Abhishek",
      "last_name": "Ruby",
      "phone_number": "9727851561",
      "email": "abhishekruby94@gmail.com",
      "message": "Hiii"
    }
  },
  {
    "model": "contact.contactusenquiry",
    "pk": 9,
    "fields": {
      "first_name": "Abhishek",
      "last_name": "Ruby",
      "phone_number": "9727851561",
      "email": "abhishekruby94@gmail.com",
      "message": "Hiii"
    }
  },
  {
    "model": "contact.contactusenquiry",
    "pk": 10,
    "fields": {
      "first_name": "Abhishek",
      "last_name": "Ruby",
      "phone_number": "9727851561",
      "email": "abhishekruby94@gmail.com",
      "message": "Hiii"
    }
  },
  {
    "model": "contact.contactusenquiry",
    "pk": 11,
    "fields": {
      "first_name": "Abhishek",
      "last_name": "Ruby",
      "phone_number": "9727851561",
      "email": "abhishekruby94@gmail.com",
      "message": "Hiii"
    }
  },
  {
    "model": "contact.contactusenquiry",
    "pk": 12,
    "fields": {
      "first_name": "Abhishek",
      "last_name": "Ruby",
      "phone_number": "9727851561",
      "email": "abhishekruby94@gmail.com",
      "message": "Hiii"
    }
  },
  {
    "model": "contact.contactusenquiry",
    "pk": 13,
    "fields": {
      "first_name": "Abhishek",
      "last_name": "Ruby",
      "phone_number": "9727851561",
      "email": "abhishekruby94@gmail.com",
      "message": "Hiii"
    }
  },
  {
    "model": "contact.contactusenquiry",
    "pk": 14,
    "fields": {
      "first_name": "Abhishek",
      "last_name": "Ruby",
      "phone_number": "9727851561",
      "email": "abhishekruby94@gmail.com",
      "message": "Hiii"
    }
  },
  {
    "model": "contact.contactusenquiry",
    "pk": 15,
    "fields": {
      "first_name": "Abhishek",
      "last_name": "Ruby",
      "phone_number": "9727851561",
      "email": "abhishekruby94@gmail.com",
      "message": "hii"
    }
  },
  {
    "model": "iqac.iqacspotlight",
    "pk": 1,
    "fields": {
      "title": "Internal Quality Assurance Cell (IQAC)",
      "sub_title": "Jamia Nadawiyya Training College owes her genesis and efflorescence.",
      "image": "iqac/spotlight/image/test.jpg"
    }
  },
  {
    "model": "iqac.iqacabout",
    "pk": 1,
    "fields": {
      "title": "How an IQAC works in JNTC?",
      "highlight_word": "IQAC",
      "description": "IQAC is an internal quality assurance mechanism in higher education institutions in India. It develops and implements quality assurance policies and practices to enhance the quality of education."
    }
  },
  {
    "model": "iqac.iqacaboutgallery",
    "pk": 1,
    "fields": {
      "about": 1,
      "image": "iqac/about/image/Rectangle_28_byVnuSL.jpg"
    }
  },
  {
    "model": "iqac.iqacaboutgallery",
    "pk": 2,
    "fields": {
      "about": 1,
      "image": "iqac/about/image/Rectangle_29_jkwNDxv.jpg"
    }
  },
  {
    "model": "iqac.iqacaboutgallery",
    "pk": 3,
    "fields": {
      "about": 1,
      "image": "iqac/about/image/Rectangle_30_j85cVAH.jpg"
    }
  },
  {
    "model": "iqac.iqacourvision",
    "pk": 1,
    "fields": {
      "member": 1,
      "title": "To ensure quality culture as the prime concern",
      "highlight_word": "prime concern",
      "description": "The vision of IQAC is to facilitate a culture of quality assurance and continuous improvement in higher education institutions, leading to academic excellence, accountability, and social relevance."
    }
  },
  {
    "model": "iqac.iqacobjective",
    "pk": 1,
    "fields": {
      "member": 2,
      "title": "Establish a higher educational system",
      "highlight_word": "educational",
      "description": "The main objectives of IQAC are to develop and implement quality benchmarks, promote academic excellence, ensure accountability, encourage feedback and grievance redressal, and enhance overall institutional performance."
    }
  },
  {
    "model": "iqac.iqacteam",
    "pk": 1,
    "fields": {
      "name": "Dr. Abdul Gafoor P K",
      "designation": "Chair Person",
      "image": "iqac/team/images/Rectangle_46.jpg",
      "is_deleted": false
    }
  },
  {
    "model": "iqac.iqacteam",
    "pk": 2,
    "fields": {
      "name": "Prof. Abdusalam C",
      "designation": "IQAC Coordinator",
      "image": "iqac/team/images/Rectangle_46_1.jpg",
      "is_deleted": false
    }
  },
  {
    "model": "iqac.iqacteam",
    "pk": 3,
    "fields": {
      "name": "Mr. Mujeeb Rahman",
      "designation": "Administrative officer",
      "image": "iqac/team/images/Rectangle_46_2.jpg",
      "is_deleted": false
    }
  },
  {
    "model": "iqac.iqacteam",
    "pk": 4,
    "fields": {
      "name": "Soudha T",
      "designation": "Librarian",
      "image": "iqac/team/images/Rectangle_46_3.jpg",
      "is_deleted": false
    }
  },
  {
    "model": "iqac.iqacteam",
    "pk": 5,
    "fields": {
      "name": "Mr. Adhil Atheef Swalahi",
      "designation": "Management Representative",
      "image": "iqac/team/images/Rectangle_46_4.jpg",
      "is_deleted": false
    }
  },
  {
    "model": "iqac.iqacteam",
    "pk": 6,
    "fields": {
      "name": "Prof. Abdul Azeez P",
      "designation": "Trust board member",
      "image": "iqac/team/images/Rectangle_46_5.jpg",
      "is_deleted": false
    }
  },
  {
    "model": "iqac.localsociety",
    "pk": 1,
    "fields": {
      "name": "Abhilash",
      "panchayat": "Edavanna grama panchayat",
      "is_deleted": false
    }
  },
  {
    "model": "iqac.iqacfunctionname",
    "pk": 1,
    "fields": { "name": "AQAR", "is_deleted": false }
  },
  {
    "model": "iqac.iqacfunctionname",
    "pk": 2,
    "fields": { "name": "Minutes", "is_deleted": false }
  },
  {
    "model": "iqac.iqacfunctionname",
    "pk": 7,
    "fields": { "name": "Action Plans", "is_deleted": false }
  },
  {
    "model": "iqac.iqacfunctionname",
    "pk": 8,
    "fields": { "name": "Annual Reports", "is_deleted": false }
  },
  {
    "model": "iqac.iqacfunctionname",
    "pk": 9,
    "fields": { "name": "Feedback Reports", "is_deleted": false }
  },
  {
    "model": "iqac.iqacfunctionname",
    "pk": 10,
    "fields": { "name": "SSR Documents", "is_deleted": false }
  },
  {
    "model": "iqac.iqacfunctionrecord",
    "pk": 1,
    "fields": {
      "event": 1,
      "year_of_event": "2002-2003",
      "file": "academic/academic_calender/files/Banner.jpg"
    }
  },
  {
    "model": "iqac.iqacfunctionrecord",
    "pk": 2,
    "fields": {
      "event": 1,
      "year_of_event": "2001-2002",
      "file": "academic/academic_calender/files/Banner.jpg"
    }
  },
  {
    "model": "iqac.iqacfunctionrecord",
    "pk": 3,
    "fields": {
      "event": 1,
      "year_of_event": "2001-2002",
      "file": "academic/academic_calender/files/Banner.jpg"
    }
  },
  {
    "model": "iqac.iqacfunctionrecord",
    "pk": 4,
    "fields": {
      "event": 1,
      "year_of_event": "2002-2003",
      "file": "academic/academic_calender/files/Banner.jpg"
    }
  },
  {
    "model": "iqac.iqacfunctionrecord",
    "pk": 5,
    "fields": {
      "event": 1,
      "year_of_event": "2007-2008",
      "file": "academic/academic_calender/files/Banner.jpg"
    }
  },
  {
    "model": "iqac.iqacfunctionrecord",
    "pk": 6,
    "fields": {
      "event": 1,
      "year_of_event": "2006-2007",
      "file": "academic/academic_calender/files/Banner.jpg"
    }
  },
  {
    "model": "iqac.iqacfunctionrecord",
    "pk": 7,
    "fields": {
      "event": 1,
      "year_of_event": "2011-2012",
      "file": "academic/academic_calender/files/Banner.jpg"
    }
  },
  {
    "model": "iqac.iqacfunctionrecord",
    "pk": 8,
    "fields": {
      "event": 1,
      "year_of_event": "2012-2013",
      "file": "academic/academic_calender/files/Banner.jpg"
    }
  },
  {
    "model": "iqac.iqacfunctionrecord",
    "pk": 9,
    "fields": {
      "event": 1,
      "year_of_event": "2014-2015",
      "file": "academic/academic_calender/files/Banner.jpg"
    }
  },
  {
    "model": "iqac.iqacfunctionrecord",
    "pk": 10,
    "fields": {
      "event": 2,
      "year_of_event": "2001-2002",
      "file": "academic/academic_calender/files/Banner.jpg"
    }
  },
  {
    "model": "iqac.iqacfunctionrecord",
    "pk": 11,
    "fields": {
      "event": 2,
      "year_of_event": "2003-2004",
      "file": "academic/academic_calender/files/Banner.jpg"
    }
  },
  {
    "model": "iqac.iqacfunctionrecord",
    "pk": 12,
    "fields": {
      "event": 2,
      "year_of_event": "2003-2004",
      "file": "academic/academic_calender/files/Banner.jpg"
    }
  },
  {
    "model": "iqac.iqacfunctionrecord",
    "pk": 13,
    "fields": {
      "event": 2,
      "year_of_event": "2004-2005",
      "file": "academic/academic_calender/files/Banner.jpg"
    }
  },
  {
    "model": "iqac.iqacfunctionrecord",
    "pk": 14,
    "fields": {
      "event": 2,
      "year_of_event": "2014-2015",
      "file": "academic/academic_calender/files/Banner.jpg"
    }
  },
  {
    "model": "iqac.iqacfunctionrecord",
    "pk": 15,
    "fields": {
      "event": 2,
      "year_of_event": "2010-2011",
      "file": "academic/academic_calender/files/Banner.jpg"
    }
  },
  {
    "model": "iqac.iqacfunctionrecord",
    "pk": 16,
    "fields": {
      "event": 2,
      "year_of_event": "2009-2010",
      "file": "academic/academic_calender/files/Banner.jpg"
    }
  },
  {
    "model": "iqac.iqacfunctionrecord",
    "pk": 17,
    "fields": {
      "event": 2,
      "year_of_event": "2008-2009",
      "file": "academic/academic_calender/files/Banner.jpg"
    }
  },
  {
    "model": "iqac.iqacfunctionrecord",
    "pk": 18,
    "fields": {
      "event": 2,
      "year_of_event": "2004-2005",
      "file": "academic/academic_calender/files/Banner.jpg"
    }
  },
  {
    "model": "iqac.iqacfunctionrecord",
    "pk": 23,
    "fields": {
      "event": 7,
      "year_of_event": "2002-2003",
      "file": "academic/academic_calender/files/Banner.jpg"
    }
  },
  {
    "model": "iqac.iqacfunctionrecord",
    "pk": 24,
    "fields": {
      "event": 7,
      "year_of_event": "2001-2002",
      "file": "academic/academic_calender/files/Banner.jpg"
    }
  },
  {
    "model": "iqac.iqacfunctionrecord",
    "pk": 25,
    "fields": {
      "event": 7,
      "year_of_event": "2001-2002",
      "file": "academic/academic_calender/files/Banner.jpg"
    }
  },
  {
    "model": "iqac.iqacfunctionrecord",
    "pk": 26,
    "fields": {
      "event": 7,
      "year_of_event": "2002-2003",
      "file": "academic/academic_calender/files/Banner.jpg"
    }
  },
  {
    "model": "iqac.iqacfunctionrecord",
    "pk": 27,
    "fields": {
      "event": 7,
      "year_of_event": "2007-2008",
      "file": "academic/academic_calender/files/Banner.jpg"
    }
  },
  {
    "model": "iqac.iqacfunctionrecord",
    "pk": 28,
    "fields": {
      "event": 7,
      "year_of_event": "2006-2007",
      "file": "academic/academic_calender/files/Banner.jpg"
    }
  },
  {
    "model": "iqac.iqacfunctionrecord",
    "pk": 29,
    "fields": {
      "event": 7,
      "year_of_event": "2011-2012",
      "file": "academic/academic_calender/files/Banner.jpg"
    }
  },
  {
    "model": "iqac.iqacfunctionrecord",
    "pk": 30,
    "fields": {
      "event": 7,
      "year_of_event": "2012-2013",
      "file": "academic/academic_calender/files/Banner.jpg"
    }
  },
  {
    "model": "iqac.iqacfunctionrecord",
    "pk": 31,
    "fields": {
      "event": 7,
      "year_of_event": "2014-2015",
      "file": "academic/academic_calender/files/Banner.jpg"
    }
  },
  {
    "model": "iqac.iqacfunctionrecord",
    "pk": 32,
    "fields": {
      "event": 7,
      "year_of_event": "2001-2002",
      "file": "academic/academic_calender/files/Banner.jpg"
    }
  },
  {
    "model": "iqac.iqacfunctionrecord",
    "pk": 33,
    "fields": {
      "event": 7,
      "year_of_event": "2003-2004",
      "file": "academic/academic_calender/files/Banner.jpg"
    }
  },
  {
    "model": "iqac.iqacfunctionrecord",
    "pk": 34,
    "fields": {
      "event": 7,
      "year_of_event": "2003-2004",
      "file": "academic/academic_calender/files/Banner.jpg"
    }
  },
  {
    "model": "iqac.iqacfunctionrecord",
    "pk": 35,
    "fields": {
      "event": 7,
      "year_of_event": "2004-2005",
      "file": "academic/academic_calender/files/Banner.jpg"
    }
  },
  {
    "model": "iqac.iqacfunctionrecord",
    "pk": 36,
    "fields": {
      "event": 7,
      "year_of_event": "2014-2015",
      "file": "academic/academic_calender/files/Banner.jpg"
    }
  },
  {
    "model": "iqac.iqacfunctionrecord",
    "pk": 37,
    "fields": {
      "event": 7,
      "year_of_event": "2010-2011",
      "file": "academic/academic_calender/files/Banner.jpg"
    }
  },
  {
    "model": "iqac.iqacfunctionrecord",
    "pk": 38,
    "fields": {
      "event": 7,
      "year_of_event": "2009-2010",
      "file": "academic/academic_calender/files/Banner.jpg"
    }
  },
  {
    "model": "iqac.iqacfunctionrecord",
    "pk": 39,
    "fields": {
      "event": 7,
      "year_of_event": "2008-2009",
      "file": "academic/academic_calender/files/Banner.jpg"
    }
  },
  {
    "model": "iqac.iqacfunctionrecord",
    "pk": 40,
    "fields": {
      "event": 7,
      "year_of_event": "2004-2005",
      "file": "academic/academic_calender/files/Banner.jpg"
    }
  },
  {
    "model": "iqac.iqacfunctionrecord",
    "pk": 41,
    "fields": {
      "event": 8,
      "year_of_event": "2002-2003",
      "file": "academic/academic_calender/files/Banner.jpg"
    }
  },
  {
    "model": "iqac.iqacfunctionrecord",
    "pk": 42,
    "fields": {
      "event": 8,
      "year_of_event": "2001-2002",
      "file": "academic/academic_calender/files/Banner.jpg"
    }
  },
  {
    "model": "iqac.iqacfunctionrecord",
    "pk": 43,
    "fields": {
      "event": 8,
      "year_of_event": "2001-2002",
      "file": "academic/academic_calender/files/Banner.jpg"
    }
  },
  {
    "model": "iqac.iqacfunctionrecord",
    "pk": 44,
    "fields": {
      "event": 8,
      "year_of_event": "2002-2003",
      "file": "academic/academic_calender/files/Banner.jpg"
    }
  },
  {
    "model": "iqac.iqacfunctionrecord",
    "pk": 45,
    "fields": {
      "event": 8,
      "year_of_event": "2007-2008",
      "file": "academic/academic_calender/files/Banner.jpg"
    }
  },
  {
    "model": "iqac.iqacfunctionrecord",
    "pk": 46,
    "fields": {
      "event": 8,
      "year_of_event": "2006-2007",
      "file": "academic/academic_calender/files/Banner.jpg"
    }
  },
  {
    "model": "iqac.iqacfunctionrecord",
    "pk": 47,
    "fields": {
      "event": 8,
      "year_of_event": "2011-2012",
      "file": "academic/academic_calender/files/Banner.jpg"
    }
  },
  {
    "model": "iqac.iqacfunctionrecord",
    "pk": 48,
    "fields": {
      "event": 8,
      "year_of_event": "2012-2013",
      "file": "academic/academic_calender/files/Banner.jpg"
    }
  },
  {
    "model": "iqac.iqacfunctionrecord",
    "pk": 49,
    "fields": {
      "event": 8,
      "year_of_event": "2014-2015",
      "file": "academic/academic_calender/files/Banner.jpg"
    }
  },
  {
    "model": "iqac.iqacfunctionrecord",
    "pk": 50,
    "fields": {
      "event": 8,
      "year_of_event": "2001-2002",
      "file": "academic/academic_calender/files/Banner.jpg"
    }
  },
  {
    "model": "iqac.iqacfunctionrecord",
    "pk": 51,
    "fields": {
      "event": 8,
      "year_of_event": "2003-2004",
      "file": "academic/academic_calender/files/Banner.jpg"
    }
  },
  {
    "model": "iqac.iqacfunctionrecord",
    "pk": 52,
    "fields": {
      "event": 8,
      "year_of_event": "2003-2004",
      "file": "academic/academic_calender/files/Banner.jpg"
    }
  },
  {
    "model": "iqac.iqacfunctionrecord",
    "pk": 53,
    "fields": {
      "event": 8,
      "year_of_event": "2004-2005",
      "file": "academic/academic_calender/files/Banner.jpg"
    }
  },
  {
    "model": "iqac.iqacfunctionrecord",
    "pk": 54,
    "fields": {
      "event": 8,
      "year_of_event": "2014-2015",
      "file": "academic/academic_calender/files/Banner.jpg"
    }
  },
  {
    "model": "iqac.iqacfunctionrecord",
    "pk": 55,
    "fields": {
      "event": 8,
      "year_of_event": "2010-2011",
      "file": "academic/academic_calender/files/Banner.jpg"
    }
  },
  {
    "model": "iqac.iqacfunctionrecord",
    "pk": 56,
    "fields": {
      "event": 8,
      "year_of_event": "2009-2010",
      "file": "academic/academic_calender/files/Banner.jpg"
    }
  },
  {
    "model": "iqac.iqacfunctionrecord",
    "pk": 57,
    "fields": {
      "event": 8,
      "year_of_event": "2008-2009",
      "file": "academic/academic_calender/files/Banner.jpg"
    }
  },
  {
    "model": "iqac.iqacfunctionrecord",
    "pk": 58,
    "fields": {
      "event": 8,
      "year_of_event": "2004-2005",
      "file": "academic/academic_calender/files/Banner.jpg"
    }
  },
  {
    "model": "iqac.iqacfunctionrecord",
    "pk": 59,
    "fields": {
      "event": 8,
      "year_of_event": "2002-2003",
      "file": "academic/academic_calender/files/Banner.jpg"
    }
  },
  {
    "model": "iqac.iqacfunctionrecord",
    "pk": 60,
    "fields": {
      "event": 8,
      "year_of_event": "2001-2002",
      "file": "academic/academic_calender/files/Banner.jpg"
    }
  },
  {
    "model": "iqac.iqacfunctionrecord",
    "pk": 61,
    "fields": {
      "event": 8,
      "year_of_event": "2001-2002",
      "file": "academic/academic_calender/files/Banner.jpg"
    }
  },
  {
    "model": "iqac.iqacfunctionrecord",
    "pk": 62,
    "fields": {
      "event": 8,
      "year_of_event": "2002-2003",
      "file": "academic/academic_calender/files/Banner.jpg"
    }
  },
  {
    "model": "iqac.iqacfunctionrecord",
    "pk": 63,
    "fields": {
      "event": 8,
      "year_of_event": "2007-2008",
      "file": "academic/academic_calender/files/Banner.jpg"
    }
  },
  {
    "model": "iqac.iqacfunctionrecord",
    "pk": 64,
    "fields": {
      "event": 8,
      "year_of_event": "2006-2007",
      "file": "academic/academic_calender/files/Banner.jpg"
    }
  },
  {
    "model": "iqac.iqacfunctionrecord",
    "pk": 65,
    "fields": {
      "event": 8,
      "year_of_event": "2011-2012",
      "file": "academic/academic_calender/files/Banner.jpg"
    }
  },
  {
    "model": "iqac.iqacfunctionrecord",
    "pk": 66,
    "fields": {
      "event": 8,
      "year_of_event": "2012-2013",
      "file": "academic/academic_calender/files/Banner.jpg"
    }
  },
  {
    "model": "iqac.iqacfunctionrecord",
    "pk": 67,
    "fields": {
      "event": 8,
      "year_of_event": "2014-2015",
      "file": "academic/academic_calender/files/Banner.jpg"
    }
  },
  {
    "model": "iqac.iqacfunctionrecord",
    "pk": 68,
    "fields": {
      "event": 8,
      "year_of_event": "2001-2002",
      "file": "academic/academic_calender/files/Banner.jpg"
    }
  },
  {
    "model": "iqac.iqacfunctionrecord",
    "pk": 69,
    "fields": {
      "event": 8,
      "year_of_event": "2003-2004",
      "file": "academic/academic_calender/files/Banner.jpg"
    }
  },
  {
    "model": "iqac.iqacfunctionrecord",
    "pk": 70,
    "fields": {
      "event": 8,
      "year_of_event": "2003-2004",
      "file": "academic/academic_calender/files/Banner.jpg"
    }
  },
  {
    "model": "iqac.iqacfunctionrecord",
    "pk": 71,
    "fields": {
      "event": 8,
      "year_of_event": "2004-2005",
      "file": "academic/academic_calender/files/Banner.jpg"
    }
  },
  {
    "model": "iqac.iqacfunctionrecord",
    "pk": 72,
    "fields": {
      "event": 8,
      "year_of_event": "2014-2015",
      "file": "academic/academic_calender/files/Banner.jpg"
    }
  },
  {
    "model": "iqac.iqacfunctionrecord",
    "pk": 73,
    "fields": {
      "event": 8,
      "year_of_event": "2010-2011",
      "file": "academic/academic_calender/files/Banner.jpg"
    }
  },
  {
    "model": "iqac.iqacfunctionrecord",
    "pk": 74,
    "fields": {
      "event": 8,
      "year_of_event": "2009-2010",
      "file": "academic/academic_calender/files/Banner.jpg"
    }
  },
  {
    "model": "iqac.iqacfunctionrecord",
    "pk": 75,
    "fields": {
      "event": 8,
      "year_of_event": "2008-2009",
      "file": "academic/academic_calender/files/Banner.jpg"
    }
  },
  {
    "model": "iqac.iqacfunctionrecord",
    "pk": 76,
    "fields": {
      "event": 8,
      "year_of_event": "2004-2005",
      "file": "academic/academic_calender/files/Banner.jpg"
    }
  },
  {
    "model": "iqac.iqacfunctionrecord",
    "pk": 77,
    "fields": {
      "event": 9,
      "year_of_event": "2002-2003",
      "file": "academic/academic_calender/files/Banner.jpg"
    }
  },
  {
    "model": "iqac.iqacfunctionrecord",
    "pk": 78,
    "fields": {
      "event": 9,
      "year_of_event": "2001-2002",
      "file": "academic/academic_calender/files/Banner.jpg"
    }
  },
  {
    "model": "iqac.iqacfunctionrecord",
    "pk": 79,
    "fields": {
      "event": 9,
      "year_of_event": "2001-2002",
      "file": "academic/academic_calender/files/Banner.jpg"
    }
  },
  {
    "model": "iqac.iqacfunctionrecord",
    "pk": 80,
    "fields": {
      "event": 9,
      "year_of_event": "2002-2003",
      "file": "academic/academic_calender/files/Banner.jpg"
    }
  },
  {
    "model": "iqac.iqacfunctionrecord",
    "pk": 81,
    "fields": {
      "event": 9,
      "year_of_event": "2007-2008",
      "file": "academic/academic_calender/files/Banner.jpg"
    }
  },
  {
    "model": "iqac.iqacfunctionrecord",
    "pk": 82,
    "fields": {
      "event": 9,
      "year_of_event": "2006-2007",
      "file": "academic/academic_calender/files/Banner.jpg"
    }
  },
  {
    "model": "iqac.iqacfunctionrecord",
    "pk": 83,
    "fields": {
      "event": 9,
      "year_of_event": "2011-2012",
      "file": "academic/academic_calender/files/Banner.jpg"
    }
  },
  {
    "model": "iqac.iqacfunctionrecord",
    "pk": 84,
    "fields": {
      "event": 9,
      "year_of_event": "2012-2013",
      "file": "academic/academic_calender/files/Banner.jpg"
    }
  },
  {
    "model": "iqac.iqacfunctionrecord",
    "pk": 85,
    "fields": {
      "event": 9,
      "year_of_event": "2014-2015",
      "file": "academic/academic_calender/files/Banner.jpg"
    }
  },
  {
    "model": "iqac.iqacfunctionrecord",
    "pk": 86,
    "fields": {
      "event": 9,
      "year_of_event": "2001-2002",
      "file": "academic/academic_calender/files/Banner.jpg"
    }
  },
  {
    "model": "iqac.iqacfunctionrecord",
    "pk": 87,
    "fields": {
      "event": 9,
      "year_of_event": "2003-2004",
      "file": "academic/academic_calender/files/Banner.jpg"
    }
  },
  {
    "model": "iqac.iqacfunctionrecord",
    "pk": 88,
    "fields": {
      "event": 9,
      "year_of_event": "2003-2004",
      "file": "academic/academic_calender/files/Banner.jpg"
    }
  },
  {
    "model": "iqac.iqacfunctionrecord",
    "pk": 89,
    "fields": {
      "event": 9,
      "year_of_event": "2004-2005",
      "file": "academic/academic_calender/files/Banner.jpg"
    }
  },
  {
    "model": "iqac.iqacfunctionrecord",
    "pk": 90,
    "fields": {
      "event": 9,
      "year_of_event": "2014-2015",
      "file": "academic/academic_calender/files/Banner.jpg"
    }
  },
  {
    "model": "iqac.iqacfunctionrecord",
    "pk": 91,
    "fields": {
      "event": 9,
      "year_of_event": "2010-2011",
      "file": "academic/academic_calender/files/Banner.jpg"
    }
  },
  {
    "model": "iqac.iqacfunctionrecord",
    "pk": 92,
    "fields": {
      "event": 9,
      "year_of_event": "2009-2010",
      "file": "academic/academic_calender/files/Banner.jpg"
    }
  },
  {
    "model": "iqac.iqacfunctionrecord",
    "pk": 93,
    "fields": {
      "event": 9,
      "year_of_event": "2008-2009",
      "file": "academic/academic_calender/files/Banner.jpg"
    }
  },
  {
    "model": "iqac.iqacfunctionrecord",
    "pk": 94,
    "fields": {
      "event": 9,
      "year_of_event": "2004-2005",
      "file": "academic/academic_calender/files/Banner.jpg"
    }
  },
  {
    "model": "iqac.iqacfunctionrecord",
    "pk": 95,
    "fields": {
      "event": 9,
      "year_of_event": "2002-2003",
      "file": "academic/academic_calender/files/Banner.jpg"
    }
  },
  {
    "model": "iqac.iqacfunctionrecord",
    "pk": 96,
    "fields": {
      "event": 9,
      "year_of_event": "2001-2002",
      "file": "academic/academic_calender/files/Banner.jpg"
    }
  },
  {
    "model": "iqac.iqacfunctionrecord",
    "pk": 97,
    "fields": {
      "event": 9,
      "year_of_event": "2001-2002",
      "file": "academic/academic_calender/files/Banner.jpg"
    }
  },
  {
    "model": "iqac.iqacfunctionrecord",
    "pk": 98,
    "fields": {
      "event": 9,
      "year_of_event": "2002-2003",
      "file": "academic/academic_calender/files/Banner.jpg"
    }
  },
  {
    "model": "iqac.iqacfunctionrecord",
    "pk": 99,
    "fields": {
      "event": 9,
      "year_of_event": "2007-2008",
      "file": "academic/academic_calender/files/Banner.jpg"
    }
  },
  {
    "model": "iqac.iqacfunctionrecord",
    "pk": 100,
    "fields": {
      "event": 9,
      "year_of_event": "2006-2007",
      "file": "academic/academic_calender/files/Banner.jpg"
    }
  },
  {
    "model": "iqac.iqacfunctionrecord",
    "pk": 101,
    "fields": {
      "event": 9,
      "year_of_event": "2011-2012",
      "file": "academic/academic_calender/files/Banner.jpg"
    }
  },
  {
    "model": "iqac.iqacfunctionrecord",
    "pk": 102,
    "fields": {
      "event": 9,
      "year_of_event": "2012-2013",
      "file": "academic/academic_calender/files/Banner.jpg"
    }
  },
  {
    "model": "iqac.iqacfunctionrecord",
    "pk": 103,
    "fields": {
      "event": 9,
      "year_of_event": "2014-2015",
      "file": "academic/academic_calender/files/Banner.jpg"
    }
  },
  {
    "model": "iqac.iqacfunctionrecord",
    "pk": 104,
    "fields": {
      "event": 9,
      "year_of_event": "2001-2002",
      "file": "academic/academic_calender/files/Banner.jpg"
    }
  },
  {
    "model": "iqac.iqacfunctionrecord",
    "pk": 105,
    "fields": {
      "event": 9,
      "year_of_event": "2003-2004",
      "file": "academic/academic_calender/files/Banner.jpg"
    }
  },
  {
    "model": "iqac.iqacfunctionrecord",
    "pk": 106,
    "fields": {
      "event": 9,
      "year_of_event": "2003-2004",
      "file": "academic/academic_calender/files/Banner.jpg"
    }
  },
  {
    "model": "iqac.iqacfunctionrecord",
    "pk": 107,
    "fields": {
      "event": 9,
      "year_of_event": "2004-2005",
      "file": "academic/academic_calender/files/Banner.jpg"
    }
  },
  {
    "model": "iqac.iqacfunctionrecord",
    "pk": 108,
    "fields": {
      "event": 9,
      "year_of_event": "2014-2015",
      "file": "academic/academic_calender/files/Banner.jpg"
    }
  },
  {
    "model": "iqac.iqacfunctionrecord",
    "pk": 109,
    "fields": {
      "event": 9,
      "year_of_event": "2010-2011",
      "file": "academic/academic_calender/files/Banner.jpg"
    }
  },
  {
    "model": "iqac.iqacfunctionrecord",
    "pk": 110,
    "fields": {
      "event": 9,
      "year_of_event": "2009-2010",
      "file": "academic/academic_calender/files/Banner.jpg"
    }
  },
  {
    "model": "iqac.iqacfunctionrecord",
    "pk": 111,
    "fields": {
      "event": 9,
      "year_of_event": "2008-2009",
      "file": "academic/academic_calender/files/Banner.jpg"
    }
  },
  {
    "model": "iqac.iqacfunctionrecord",
    "pk": 112,
    "fields": {
      "event": 9,
      "year_of_event": "2004-2005",
      "file": "academic/academic_calender/files/Banner.jpg"
    }
  },
  {
    "model": "iqac.iqacfunctionrecord",
    "pk": 113,
    "fields": {
      "event": 9,
      "year_of_event": "2002-2003",
      "file": "academic/academic_calender/files/Banner.jpg"
    }
  },
  {
    "model": "iqac.iqacfunctionrecord",
    "pk": 114,
    "fields": {
      "event": 9,
      "year_of_event": "2001-2002",
      "file": "academic/academic_calender/files/Banner.jpg"
    }
  },
  {
    "model": "iqac.iqacfunctionrecord",
    "pk": 115,
    "fields": {
      "event": 9,
      "year_of_event": "2001-2002",
      "file": "academic/academic_calender/files/Banner.jpg"
    }
  },
  {
    "model": "iqac.iqacfunctionrecord",
    "pk": 116,
    "fields": {
      "event": 9,
      "year_of_event": "2002-2003",
      "file": "academic/academic_calender/files/Banner.jpg"
    }
  },
  {
    "model": "iqac.iqacfunctionrecord",
    "pk": 117,
    "fields": {
      "event": 9,
      "year_of_event": "2007-2008",
      "file": "academic/academic_calender/files/Banner.jpg"
    }
  },
  {
    "model": "iqac.iqacfunctionrecord",
    "pk": 118,
    "fields": {
      "event": 9,
      "year_of_event": "2006-2007",
      "file": "academic/academic_calender/files/Banner.jpg"
    }
  },
  {
    "model": "iqac.iqacfunctionrecord",
    "pk": 119,
    "fields": {
      "event": 9,
      "year_of_event": "2011-2012",
      "file": "academic/academic_calender/files/Banner.jpg"
    }
  },
  {
    "model": "iqac.iqacfunctionrecord",
    "pk": 120,
    "fields": {
      "event": 9,
      "year_of_event": "2012-2013",
      "file": "academic/academic_calender/files/Banner.jpg"
    }
  },
  {
    "model": "iqac.iqacfunctionrecord",
    "pk": 121,
    "fields": {
      "event": 9,
      "year_of_event": "2014-2015",
      "file": "academic/academic_calender/files/Banner.jpg"
    }
  },
  {
    "model": "iqac.iqacfunctionrecord",
    "pk": 122,
    "fields": {
      "event": 9,
      "year_of_event": "2001-2002",
      "file": "academic/academic_calender/files/Banner.jpg"
    }
  },
  {
    "model": "iqac.iqacfunctionrecord",
    "pk": 123,
    "fields": {
      "event": 9,
      "year_of_event": "2003-2004",
      "file": "academic/academic_calender/files/Banner.jpg"
    }
  },
  {
    "model": "iqac.iqacfunctionrecord",
    "pk": 124,
    "fields": {
      "event": 9,
      "year_of_event": "2003-2004",
      "file": "academic/academic_calender/files/Banner.jpg"
    }
  },
  {
    "model": "iqac.iqacfunctionrecord",
    "pk": 125,
    "fields": {
      "event": 9,
      "year_of_event": "2004-2005",
      "file": "academic/academic_calender/files/Banner.jpg"
    }
  },
  {
    "model": "iqac.iqacfunctionrecord",
    "pk": 126,
    "fields": {
      "event": 9,
      "year_of_event": "2014-2015",
      "file": "academic/academic_calender/files/Banner.jpg"
    }
  },
  {
    "model": "iqac.iqacfunctionrecord",
    "pk": 127,
    "fields": {
      "event": 9,
      "year_of_event": "2010-2011",
      "file": "academic/academic_calender/files/Banner.jpg"
    }
  },
  {
    "model": "iqac.iqacfunctionrecord",
    "pk": 128,
    "fields": {
      "event": 9,
      "year_of_event": "2009-2010",
      "file": "academic/academic_calender/files/Banner.jpg"
    }
  },
  {
    "model": "iqac.iqacfunctionrecord",
    "pk": 129,
    "fields": {
      "event": 9,
      "year_of_event": "2008-2009",
      "file": "academic/academic_calender/files/Banner.jpg"
    }
  },
  {
    "model": "iqac.iqacfunctionrecord",
    "pk": 130,
    "fields": {
      "event": 9,
      "year_of_event": "2004-2005",
      "file": "academic/academic_calender/files/Banner.jpg"
    }
  },
  {
    "model": "iqac.iqacfunctionrecord",
    "pk": 131,
    "fields": {
      "event": 9,
      "year_of_event": "2002-2003",
      "file": "academic/academic_calender/files/Banner.jpg"
    }
  },
  {
    "model": "iqac.iqacfunctionrecord",
    "pk": 132,
    "fields": {
      "event": 9,
      "year_of_event": "2001-2002",
      "file": "academic/academic_calender/files/Banner.jpg"
    }
  },
  {
    "model": "iqac.iqacfunctionrecord",
    "pk": 133,
    "fields": {
      "event": 9,
      "year_of_event": "2001-2002",
      "file": "academic/academic_calender/files/Banner.jpg"
    }
  },
  {
    "model": "iqac.iqacfunctionrecord",
    "pk": 134,
    "fields": {
      "event": 9,
      "year_of_event": "2002-2003",
      "file": "academic/academic_calender/files/Banner.jpg"
    }
  },
  {
    "model": "iqac.iqacfunctionrecord",
    "pk": 135,
    "fields": {
      "event": 9,
      "year_of_event": "2007-2008",
      "file": "academic/academic_calender/files/Banner.jpg"
    }
  },
  {
    "model": "iqac.iqacfunctionrecord",
    "pk": 136,
    "fields": {
      "event": 9,
      "year_of_event": "2006-2007",
      "file": "academic/academic_calender/files/Banner.jpg"
    }
  },
  {
    "model": "iqac.iqacfunctionrecord",
    "pk": 137,
    "fields": {
      "event": 9,
      "year_of_event": "2011-2012",
      "file": "academic/academic_calender/files/Banner.jpg"
    }
  },
  {
    "model": "iqac.iqacfunctionrecord",
    "pk": 138,
    "fields": {
      "event": 9,
      "year_of_event": "2012-2013",
      "file": "academic/academic_calender/files/Banner.jpg"
    }
  },
  {
    "model": "iqac.iqacfunctionrecord",
    "pk": 139,
    "fields": {
      "event": 9,
      "year_of_event": "2014-2015",
      "file": "academic/academic_calender/files/Banner.jpg"
    }
  },
  {
    "model": "iqac.iqacfunctionrecord",
    "pk": 140,
    "fields": {
      "event": 9,
      "year_of_event": "2001-2002",
      "file": "academic/academic_calender/files/Banner.jpg"
    }
  },
  {
    "model": "iqac.iqacfunctionrecord",
    "pk": 141,
    "fields": {
      "event": 9,
      "year_of_event": "2003-2004",
      "file": "academic/academic_calender/files/Banner.jpg"
    }
  },
  {
    "model": "iqac.iqacfunctionrecord",
    "pk": 142,
    "fields": {
      "event": 9,
      "year_of_event": "2003-2004",
      "file": "academic/academic_calender/files/Banner.jpg"
    }
  },
  {
    "model": "iqac.iqacfunctionrecord",
    "pk": 143,
    "fields": {
      "event": 9,
      "year_of_event": "2004-2005",
      "file": "academic/academic_calender/files/Banner.jpg"
    }
  },
  {
    "model": "iqac.iqacfunctionrecord",
    "pk": 144,
    "fields": {
      "event": 9,
      "year_of_event": "2014-2015",
      "file": "academic/academic_calender/files/Banner.jpg"
    }
  },
  {
    "model": "iqac.iqacfunctionrecord",
    "pk": 145,
    "fields": {
      "event": 9,
      "year_of_event": "2010-2011",
      "file": "academic/academic_calender/files/Banner.jpg"
    }
  },
  {
    "model": "iqac.iqacfunctionrecord",
    "pk": 146,
    "fields": {
      "event": 9,
      "year_of_event": "2009-2010",
      "file": "academic/academic_calender/files/Banner.jpg"
    }
  },
  {
    "model": "iqac.iqacfunctionrecord",
    "pk": 147,
    "fields": {
      "event": 9,
      "year_of_event": "2008-2009",
      "file": "academic/academic_calender/files/Banner.jpg"
    }
  },
  {
    "model": "iqac.iqacfunctionrecord",
    "pk": 148,
    "fields": {
      "event": 9,
      "year_of_event": "2004-2005",
      "file": "academic/academic_calender/files/Banner.jpg"
    }
  },
  {
    "model": "iqac.iqacfunctionrecord",
    "pk": 149,
    "fields": {
      "event": 10,
      "year_of_event": "2002-2003",
      "file": "academic/academic_calender/files/Banner.jpg"
    }
  },
  {
    "model": "iqac.iqacfunctionrecord",
    "pk": 150,
    "fields": {
      "event": 10,
      "year_of_event": "2001-2002",
      "file": "academic/academic_calender/files/Banner.jpg"
    }
  },
  {
    "model": "iqac.iqacfunctionrecord",
    "pk": 151,
    "fields": {
      "event": 10,
      "year_of_event": "2001-2002",
      "file": "academic/academic_calender/files/Banner.jpg"
    }
  },
  {
    "model": "iqac.iqacfunctionrecord",
    "pk": 152,
    "fields": {
      "event": 10,
      "year_of_event": "2002-2003",
      "file": "academic/academic_calender/files/Banner.jpg"
    }
  },
  {
    "model": "iqac.iqacfunctionrecord",
    "pk": 153,
    "fields": {
      "event": 10,
      "year_of_event": "2007-2008",
      "file": "academic/academic_calender/files/Banner.jpg"
    }
  },
  {
    "model": "iqac.iqacfunctionrecord",
    "pk": 154,
    "fields": {
      "event": 10,
      "year_of_event": "2006-2007",
      "file": "academic/academic_calender/files/Banner.jpg"
    }
  },
  {
    "model": "iqac.iqacfunctionrecord",
    "pk": 155,
    "fields": {
      "event": 10,
      "year_of_event": "2011-2012",
      "file": "academic/academic_calender/files/Banner.jpg"
    }
  },
  {
    "model": "iqac.iqacfunctionrecord",
    "pk": 156,
    "fields": {
      "event": 10,
      "year_of_event": "2012-2013",
      "file": "academic/academic_calender/files/Banner.jpg"
    }
  },
  {
    "model": "iqac.iqacfunctionrecord",
    "pk": 157,
    "fields": {
      "event": 10,
      "year_of_event": "2014-2015",
      "file": "academic/academic_calender/files/Banner.jpg"
    }
  },
  {
    "model": "iqac.iqacfunctionrecord",
    "pk": 158,
    "fields": {
      "event": 10,
      "year_of_event": "2001-2002",
      "file": "academic/academic_calender/files/Banner.jpg"
    }
  },
  {
    "model": "iqac.iqacfunctionrecord",
    "pk": 159,
    "fields": {
      "event": 10,
      "year_of_event": "2003-2004",
      "file": "academic/academic_calender/files/Banner.jpg"
    }
  },
  {
    "model": "iqac.iqacfunctionrecord",
    "pk": 160,
    "fields": {
      "event": 10,
      "year_of_event": "2003-2004",
      "file": "academic/academic_calender/files/Banner.jpg"
    }
  },
  {
    "model": "iqac.iqacfunctionrecord",
    "pk": 161,
    "fields": {
      "event": 10,
      "year_of_event": "2004-2005",
      "file": "academic/academic_calender/files/Banner.jpg"
    }
  },
  {
    "model": "iqac.iqacfunctionrecord",
    "pk": 162,
    "fields": {
      "event": 10,
      "year_of_event": "2014-2015",
      "file": "academic/academic_calender/files/Banner.jpg"
    }
  },
  {
    "model": "iqac.iqacfunctionrecord",
    "pk": 163,
    "fields": {
      "event": 10,
      "year_of_event": "2010-2011",
      "file": "academic/academic_calender/files/Banner.jpg"
    }
  },
  {
    "model": "iqac.iqacfunctionrecord",
    "pk": 164,
    "fields": {
      "event": 10,
      "year_of_event": "2009-2010",
      "file": "academic/academic_calender/files/Banner.jpg"
    }
  },
  {
    "model": "iqac.iqacfunctionrecord",
    "pk": 165,
    "fields": {
      "event": 10,
      "year_of_event": "2008-2009",
      "file": "academic/academic_calender/files/Banner.jpg"
    }
  },
  {
    "model": "iqac.iqacfunctionrecord",
    "pk": 166,
    "fields": {
      "event": 10,
      "year_of_event": "2004-2005",
      "file": "academic/academic_calender/files/Banner.jpg"
    }
  },
  {
    "model": "iqac.iqacfunctionrecord",
    "pk": 167,
    "fields": {
      "event": 10,
      "year_of_event": "2002-2003",
      "file": "academic/academic_calender/files/Banner.jpg"
    }
  },
  {
    "model": "iqac.iqacfunctionrecord",
    "pk": 168,
    "fields": {
      "event": 10,
      "year_of_event": "2001-2002",
      "file": "academic/academic_calender/files/Banner.jpg"
    }
  },
  {
    "model": "iqac.iqacfunctionrecord",
    "pk": 169,
    "fields": {
      "event": 10,
      "year_of_event": "2001-2002",
      "file": "academic/academic_calender/files/Banner.jpg"
    }
  },
  {
    "model": "iqac.iqacfunctionrecord",
    "pk": 170,
    "fields": {
      "event": 10,
      "year_of_event": "2002-2003",
      "file": "academic/academic_calender/files/Banner.jpg"
    }
  },
  {
    "model": "iqac.iqacfunctionrecord",
    "pk": 171,
    "fields": {
      "event": 10,
      "year_of_event": "2007-2008",
      "file": "academic/academic_calender/files/Banner.jpg"
    }
  },
  {
    "model": "iqac.iqacfunctionrecord",
    "pk": 172,
    "fields": {
      "event": 10,
      "year_of_event": "2006-2007",
      "file": "academic/academic_calender/files/Banner.jpg"
    }
  },
  {
    "model": "iqac.iqacfunctionrecord",
    "pk": 173,
    "fields": {
      "event": 10,
      "year_of_event": "2011-2012",
      "file": "academic/academic_calender/files/Banner.jpg"
    }
  },
  {
    "model": "iqac.iqacfunctionrecord",
    "pk": 174,
    "fields": {
      "event": 10,
      "year_of_event": "2012-2013",
      "file": "academic/academic_calender/files/Banner.jpg"
    }
  },
  {
    "model": "iqac.iqacfunctionrecord",
    "pk": 175,
    "fields": {
      "event": 10,
      "year_of_event": "2014-2015",
      "file": "academic/academic_calender/files/Banner.jpg"
    }
  },
  {
    "model": "iqac.iqacfunctionrecord",
    "pk": 176,
    "fields": {
      "event": 10,
      "year_of_event": "2001-2002",
      "file": "academic/academic_calender/files/Banner.jpg"
    }
  },
  {
    "model": "iqac.iqacfunctionrecord",
    "pk": 177,
    "fields": {
      "event": 10,
      "year_of_event": "2003-2004",
      "file": "academic/academic_calender/files/Banner.jpg"
    }
  },
  {
    "model": "iqac.iqacfunctionrecord",
    "pk": 178,
    "fields": {
      "event": 10,
      "year_of_event": "2003-2004",
      "file": "academic/academic_calender/files/Banner.jpg"
    }
  },
  {
    "model": "iqac.iqacfunctionrecord",
    "pk": 179,
    "fields": {
      "event": 10,
      "year_of_event": "2004-2005",
      "file": "academic/academic_calender/files/Banner.jpg"
    }
  },
  {
    "model": "iqac.iqacfunctionrecord",
    "pk": 180,
    "fields": {
      "event": 10,
      "year_of_event": "2014-2015",
      "file": "academic/academic_calender/files/Banner.jpg"
    }
  },
  {
    "model": "iqac.iqacfunctionrecord",
    "pk": 181,
    "fields": {
      "event": 10,
      "year_of_event": "2010-2011",
      "file": "academic/academic_calender/files/Banner.jpg"
    }
  },
  {
    "model": "iqac.iqacfunctionrecord",
    "pk": 182,
    "fields": {
      "event": 10,
      "year_of_event": "2009-2010",
      "file": "academic/academic_calender/files/Banner.jpg"
    }
  },
  {
    "model": "iqac.iqacfunctionrecord",
    "pk": 183,
    "fields": {
      "event": 10,
      "year_of_event": "2008-2009",
      "file": "academic/academic_calender/files/Banner.jpg"
    }
  },
  {
    "model": "iqac.iqacfunctionrecord",
    "pk": 184,
    "fields": {
      "event": 10,
      "year_of_event": "2004-2005",
      "file": "academic/academic_calender/files/Banner.jpg"
    }
  },
  {
    "model": "iqac.iqacfunctionrecord",
    "pk": 185,
    "fields": {
      "event": 10,
      "year_of_event": "2002-2003",
      "file": "academic/academic_calender/files/Banner.jpg"
    }
  },
  {
    "model": "iqac.iqacfunctionrecord",
    "pk": 186,
    "fields": {
      "event": 10,
      "year_of_event": "2001-2002",
      "file": "academic/academic_calender/files/Banner.jpg"
    }
  },
  {
    "model": "iqac.iqacfunctionrecord",
    "pk": 187,
    "fields": {
      "event": 10,
      "year_of_event": "2001-2002",
      "file": "academic/academic_calender/files/Banner.jpg"
    }
  },
  {
    "model": "iqac.iqacfunctionrecord",
    "pk": 188,
    "fields": {
      "event": 10,
      "year_of_event": "2002-2003",
      "file": "academic/academic_calender/files/Banner.jpg"
    }
  },
  {
    "model": "iqac.iqacfunctionrecord",
    "pk": 189,
    "fields": {
      "event": 10,
      "year_of_event": "2007-2008",
      "file": "academic/academic_calender/files/Banner.jpg"
    }
  },
  {
    "model": "iqac.iqacfunctionrecord",
    "pk": 190,
    "fields": {
      "event": 10,
      "year_of_event": "2006-2007",
      "file": "academic/academic_calender/files/Banner.jpg"
    }
  },
  {
    "model": "iqac.iqacfunctionrecord",
    "pk": 191,
    "fields": {
      "event": 10,
      "year_of_event": "2011-2012",
      "file": "academic/academic_calender/files/Banner.jpg"
    }
  },
  {
    "model": "iqac.iqacfunctionrecord",
    "pk": 192,
    "fields": {
      "event": 10,
      "year_of_event": "2012-2013",
      "file": "academic/academic_calender/files/Banner.jpg"
    }
  },
  {
    "model": "iqac.iqacfunctionrecord",
    "pk": 193,
    "fields": {
      "event": 10,
      "year_of_event": "2014-2015",
      "file": "academic/academic_calender/files/Banner.jpg"
    }
  },
  {
    "model": "iqac.iqacfunctionrecord",
    "pk": 194,
    "fields": {
      "event": 10,
      "year_of_event": "2001-2002",
      "file": "academic/academic_calender/files/Banner.jpg"
    }
  },
  {
    "model": "iqac.iqacfunctionrecord",
    "pk": 195,
    "fields": {
      "event": 10,
      "year_of_event": "2003-2004",
      "file": "academic/academic_calender/files/Banner.jpg"
    }
  },
  {
    "model": "iqac.iqacfunctionrecord",
    "pk": 196,
    "fields": {
      "event": 10,
      "year_of_event": "2003-2004",
      "file": "academic/academic_calender/files/Banner.jpg"
    }
  },
  {
    "model": "iqac.iqacfunctionrecord",
    "pk": 197,
    "fields": {
      "event": 10,
      "year_of_event": "2004-2005",
      "file": "academic/academic_calender/files/Banner.jpg"
    }
  },
  {
    "model": "iqac.iqacfunctionrecord",
    "pk": 198,
    "fields": {
      "event": 10,
      "year_of_event": "2014-2015",
      "file": "academic/academic_calender/files/Banner.jpg"
    }
  },
  {
    "model": "iqac.iqacfunctionrecord",
    "pk": 199,
    "fields": {
      "event": 10,
      "year_of_event": "2010-2011",
      "file": "academic/academic_calender/files/Banner.jpg"
    }
  },
  {
    "model": "iqac.iqacfunctionrecord",
    "pk": 200,
    "fields": {
      "event": 10,
      "year_of_event": "2009-2010",
      "file": "academic/academic_calender/files/Banner.jpg"
    }
  },
  {
    "model": "iqac.iqacfunctionrecord",
    "pk": 201,
    "fields": {
      "event": 10,
      "year_of_event": "2008-2009",
      "file": "academic/academic_calender/files/Banner.jpg"
    }
  },
  {
    "model": "iqac.iqacfunctionrecord",
    "pk": 202,
    "fields": {
      "event": 10,
      "year_of_event": "2004-2005",
      "file": "academic/academic_calender/files/Banner.jpg"
    }
  },
  {
    "model": "iqac.iqacfunctionrecord",
    "pk": 203,
    "fields": {
      "event": 10,
      "year_of_event": "2002-2003",
      "file": "academic/academic_calender/files/Banner.jpg"
    }
  },
  {
    "model": "iqac.iqacfunctionrecord",
    "pk": 204,
    "fields": {
      "event": 10,
      "year_of_event": "2001-2002",
      "file": "academic/academic_calender/files/Banner.jpg"
    }
  },
  {
    "model": "iqac.iqacfunctionrecord",
    "pk": 205,
    "fields": {
      "event": 10,
      "year_of_event": "2001-2002",
      "file": "academic/academic_calender/files/Banner.jpg"
    }
  },
  {
    "model": "iqac.iqacfunctionrecord",
    "pk": 206,
    "fields": {
      "event": 10,
      "year_of_event": "2002-2003",
      "file": "academic/academic_calender/files/Banner.jpg"
    }
  },
  {
    "model": "iqac.iqacfunctionrecord",
    "pk": 207,
    "fields": {
      "event": 10,
      "year_of_event": "2007-2008",
      "file": "academic/academic_calender/files/Banner.jpg"
    }
  },
  {
    "model": "iqac.iqacfunctionrecord",
    "pk": 208,
    "fields": {
      "event": 10,
      "year_of_event": "2006-2007",
      "file": "academic/academic_calender/files/Banner.jpg"
    }
  },
  {
    "model": "iqac.iqacfunctionrecord",
    "pk": 209,
    "fields": {
      "event": 10,
      "year_of_event": "2011-2012",
      "file": "academic/academic_calender/files/Banner.jpg"
    }
  },
  {
    "model": "iqac.iqacfunctionrecord",
    "pk": 210,
    "fields": {
      "event": 10,
      "year_of_event": "2012-2013",
      "file": "academic/academic_calender/files/Banner.jpg"
    }
  },
  {
    "model": "iqac.iqacfunctionrecord",
    "pk": 211,
    "fields": {
      "event": 10,
      "year_of_event": "2014-2015",
      "file": "academic/academic_calender/files/Banner.jpg"
    }
  },
  {
    "model": "iqac.iqacfunctionrecord",
    "pk": 212,
    "fields": {
      "event": 10,
      "year_of_event": "2001-2002",
      "file": "academic/academic_calender/files/Banner.jpg"
    }
  },
  {
    "model": "iqac.iqacfunctionrecord",
    "pk": 213,
    "fields": {
      "event": 10,
      "year_of_event": "2003-2004",
      "file": "academic/academic_calender/files/Banner.jpg"
    }
  },
  {
    "model": "iqac.iqacfunctionrecord",
    "pk": 214,
    "fields": {
      "event": 10,
      "year_of_event": "2003-2004",
      "file": "academic/academic_calender/files/Banner.jpg"
    }
  },
  {
    "model": "iqac.iqacfunctionrecord",
    "pk": 215,
    "fields": {
      "event": 10,
      "year_of_event": "2004-2005",
      "file": "academic/academic_calender/files/Banner.jpg"
    }
  },
  {
    "model": "iqac.iqacfunctionrecord",
    "pk": 216,
    "fields": {
      "event": 10,
      "year_of_event": "2014-2015",
      "file": "academic/academic_calender/files/Banner.jpg"
    }
  },
  {
    "model": "iqac.iqacfunctionrecord",
    "pk": 217,
    "fields": {
      "event": 10,
      "year_of_event": "2010-2011",
      "file": "academic/academic_calender/files/Banner.jpg"
    }
  },
  {
    "model": "iqac.iqacfunctionrecord",
    "pk": 218,
    "fields": {
      "event": 10,
      "year_of_event": "2009-2010",
      "file": "academic/academic_calender/files/Banner.jpg"
    }
  },
  {
    "model": "iqac.iqacfunctionrecord",
    "pk": 219,
    "fields": {
      "event": 10,
      "year_of_event": "2008-2009",
      "file": "academic/academic_calender/files/Banner.jpg"
    }
  },
  {
    "model": "iqac.iqacfunctionrecord",
    "pk": 220,
    "fields": {
      "event": 10,
      "year_of_event": "2004-2005",
      "file": "academic/academic_calender/files/Banner.jpg"
    }
  },
  {
    "model": "iqac.iqacfunctionrecord",
    "pk": 221,
    "fields": {
      "event": 10,
      "year_of_event": "2002-2003",
      "file": "academic/academic_calender/files/Banner.jpg"
    }
  },
  {
    "model": "iqac.iqacfunctionrecord",
    "pk": 222,
    "fields": {
      "event": 10,
      "year_of_event": "2001-2002",
      "file": "academic/academic_calender/files/Banner.jpg"
    }
  },
  {
    "model": "iqac.iqacfunctionrecord",
    "pk": 223,
    "fields": {
      "event": 10,
      "year_of_event": "2001-2002",
      "file": "academic/academic_calender/files/Banner.jpg"
    }
  },
  {
    "model": "iqac.iqacfunctionrecord",
    "pk": 224,
    "fields": {
      "event": 10,
      "year_of_event": "2002-2003",
      "file": "academic/academic_calender/files/Banner.jpg"
    }
  },
  {
    "model": "iqac.iqacfunctionrecord",
    "pk": 225,
    "fields": {
      "event": 10,
      "year_of_event": "2007-2008",
      "file": "academic/academic_calender/files/Banner.jpg"
    }
  },
  {
    "model": "iqac.iqacfunctionrecord",
    "pk": 226,
    "fields": {
      "event": 10,
      "year_of_event": "2006-2007",
      "file": "academic/academic_calender/files/Banner.jpg"
    }
  },
  {
    "model": "iqac.iqacfunctionrecord",
    "pk": 227,
    "fields": {
      "event": 10,
      "year_of_event": "2011-2012",
      "file": "academic/academic_calender/files/Banner.jpg"
    }
  },
  {
    "model": "iqac.iqacfunctionrecord",
    "pk": 228,
    "fields": {
      "event": 10,
      "year_of_event": "2012-2013",
      "file": "academic/academic_calender/files/Banner.jpg"
    }
  },
  {
    "model": "iqac.iqacfunctionrecord",
    "pk": 229,
    "fields": {
      "event": 10,
      "year_of_event": "2014-2015",
      "file": "academic/academic_calender/files/Banner.jpg"
    }
  },
  {
    "model": "iqac.iqacfunctionrecord",
    "pk": 230,
    "fields": {
      "event": 10,
      "year_of_event": "2001-2002",
      "file": "academic/academic_calender/files/Banner.jpg"
    }
  },
  {
    "model": "iqac.iqacfunctionrecord",
    "pk": 231,
    "fields": {
      "event": 10,
      "year_of_event": "2003-2004",
      "file": "academic/academic_calender/files/Banner.jpg"
    }
  },
  {
    "model": "iqac.iqacfunctionrecord",
    "pk": 232,
    "fields": {
      "event": 10,
      "year_of_event": "2003-2004",
      "file": "academic/academic_calender/files/Banner.jpg"
    }
  },
  {
    "model": "iqac.iqacfunctionrecord",
    "pk": 233,
    "fields": {
      "event": 10,
      "year_of_event": "2004-2005",
      "file": "academic/academic_calender/files/Banner.jpg"
    }
  },
  {
    "model": "iqac.iqacfunctionrecord",
    "pk": 234,
    "fields": {
      "event": 10,
      "year_of_event": "2014-2015",
      "file": "academic/academic_calender/files/Banner.jpg"
    }
  },
  {
    "model": "iqac.iqacfunctionrecord",
    "pk": 235,
    "fields": {
      "event": 10,
      "year_of_event": "2010-2011",
      "file": "academic/academic_calender/files/Banner.jpg"
    }
  },
  {
    "model": "iqac.iqacfunctionrecord",
    "pk": 236,
    "fields": {
      "event": 10,
      "year_of_event": "2009-2010",
      "file": "academic/academic_calender/files/Banner.jpg"
    }
  },
  {
    "model": "iqac.iqacfunctionrecord",
    "pk": 237,
    "fields": {
      "event": 10,
      "year_of_event": "2008-2009",
      "file": "academic/academic_calender/files/Banner.jpg"
    }
  },
  {
    "model": "iqac.iqacfunctionrecord",
    "pk": 238,
    "fields": {
      "event": 10,
      "year_of_event": "2004-2005",
      "file": "academic/academic_calender/files/Banner.jpg"
    }
  },
  {
    "model": "iqac.iqacfunctionrecord",
    "pk": 239,
    "fields": {
      "event": 10,
      "year_of_event": "2002-2003",
      "file": "academic/academic_calender/files/Banner.jpg"
    }
  },
  {
    "model": "iqac.iqacfunctionrecord",
    "pk": 240,
    "fields": {
      "event": 10,
      "year_of_event": "2001-2002",
      "file": "academic/academic_calender/files/Banner.jpg"
    }
  },
  {
    "model": "iqac.iqacfunctionrecord",
    "pk": 241,
    "fields": {
      "event": 10,
      "year_of_event": "2001-2002",
      "file": "academic/academic_calender/files/Banner.jpg"
    }
  },
  {
    "model": "iqac.iqacfunctionrecord",
    "pk": 242,
    "fields": {
      "event": 10,
      "year_of_event": "2002-2003",
      "file": "academic/academic_calender/files/Banner.jpg"
    }
  },
  {
    "model": "iqac.iqacfunctionrecord",
    "pk": 243,
    "fields": {
      "event": 10,
      "year_of_event": "2007-2008",
      "file": "academic/academic_calender/files/Banner.jpg"
    }
  },
  {
    "model": "iqac.iqacfunctionrecord",
    "pk": 244,
    "fields": {
      "event": 10,
      "year_of_event": "2006-2007",
      "file": "academic/academic_calender/files/Banner.jpg"
    }
  },
  {
    "model": "iqac.iqacfunctionrecord",
    "pk": 245,
    "fields": {
      "event": 10,
      "year_of_event": "2011-2012",
      "file": "academic/academic_calender/files/Banner.jpg"
    }
  },
  {
    "model": "iqac.iqacfunctionrecord",
    "pk": 246,
    "fields": {
      "event": 10,
      "year_of_event": "2012-2013",
      "file": "academic/academic_calender/files/Banner.jpg"
    }
  },
  {
    "model": "iqac.iqacfunctionrecord",
    "pk": 247,
    "fields": {
      "event": 10,
      "year_of_event": "2014-2015",
      "file": "academic/academic_calender/files/Banner.jpg"
    }
  },
  {
    "model": "iqac.iqacfunctionrecord",
    "pk": 248,
    "fields": {
      "event": 10,
      "year_of_event": "2001-2002",
      "file": "academic/academic_calender/files/Banner.jpg"
    }
  },
  {
    "model": "iqac.iqacfunctionrecord",
    "pk": 249,
    "fields": {
      "event": 10,
      "year_of_event": "2003-2004",
      "file": "academic/academic_calender/files/Banner.jpg"
    }
  },
  {
    "model": "iqac.iqacfunctionrecord",
    "pk": 250,
    "fields": {
      "event": 10,
      "year_of_event": "2003-2004",
      "file": "academic/academic_calender/files/Banner.jpg"
    }
  },
  {
    "model": "iqac.iqacfunctionrecord",
    "pk": 251,
    "fields": {
      "event": 10,
      "year_of_event": "2004-2005",
      "file": "academic/academic_calender/files/Banner.jpg"
    }
  },
  {
    "model": "iqac.iqacfunctionrecord",
    "pk": 252,
    "fields": {
      "event": 10,
      "year_of_event": "2014-2015",
      "file": "academic/academic_calender/files/Banner.jpg"
    }
  },
  {
    "model": "iqac.iqacfunctionrecord",
    "pk": 253,
    "fields": {
      "event": 10,
      "year_of_event": "2010-2011",
      "file": "academic/academic_calender/files/Banner.jpg"
    }
  },
  {
    "model": "iqac.iqacfunctionrecord",
    "pk": 254,
    "fields": {
      "event": 10,
      "year_of_event": "2009-2010",
      "file": "academic/academic_calender/files/Banner.jpg"
    }
  },
  {
    "model": "iqac.iqacfunctionrecord",
    "pk": 255,
    "fields": {
      "event": 10,
      "year_of_event": "2008-2009",
      "file": "academic/academic_calender/files/Banner.jpg"
    }
  },
  {
    "model": "iqac.iqacfunctionrecord",
    "pk": 256,
    "fields": {
      "event": 10,
      "year_of_event": "2004-2005",
      "file": "academic/academic_calender/files/Banner.jpg"
    }
  },
  {
    "model": "iqac.iqacfunctionrecord",
    "pk": 257,
    "fields": {
      "event": 10,
      "year_of_event": "2002-2003",
      "file": "academic/academic_calender/files/Banner.jpg"
    }
  },
  {
    "model": "iqac.iqacfunctionrecord",
    "pk": 258,
    "fields": {
      "event": 10,
      "year_of_event": "2001-2002",
      "file": "academic/academic_calender/files/Banner.jpg"
    }
  },
  {
    "model": "iqac.iqacfunctionrecord",
    "pk": 259,
    "fields": {
      "event": 10,
      "year_of_event": "2001-2002",
      "file": "academic/academic_calender/files/Banner.jpg"
    }
  },
  {
    "model": "iqac.iqacfunctionrecord",
    "pk": 260,
    "fields": {
      "event": 10,
      "year_of_event": "2002-2003",
      "file": "academic/academic_calender/files/Banner.jpg"
    }
  },
  {
    "model": "iqac.iqacfunctionrecord",
    "pk": 261,
    "fields": {
      "event": 10,
      "year_of_event": "2007-2008",
      "file": "academic/academic_calender/files/Banner.jpg"
    }
  },
  {
    "model": "iqac.iqacfunctionrecord",
    "pk": 262,
    "fields": {
      "event": 10,
      "year_of_event": "2006-2007",
      "file": "academic/academic_calender/files/Banner.jpg"
    }
  },
  {
    "model": "iqac.iqacfunctionrecord",
    "pk": 263,
    "fields": {
      "event": 10,
      "year_of_event": "2011-2012",
      "file": "academic/academic_calender/files/Banner.jpg"
    }
  },
  {
    "model": "iqac.iqacfunctionrecord",
    "pk": 264,
    "fields": {
      "event": 10,
      "year_of_event": "2012-2013",
      "file": "academic/academic_calender/files/Banner.jpg"
    }
  },
  {
    "model": "iqac.iqacfunctionrecord",
    "pk": 265,
    "fields": {
      "event": 10,
      "year_of_event": "2014-2015",
      "file": "academic/academic_calender/files/Banner.jpg"
    }
  },
  {
    "model": "iqac.iqacfunctionrecord",
    "pk": 266,
    "fields": {
      "event": 10,
      "year_of_event": "2001-2002",
      "file": "academic/academic_calender/files/Banner.jpg"
    }
  },
  {
    "model": "iqac.iqacfunctionrecord",
    "pk": 267,
    "fields": {
      "event": 10,
      "year_of_event": "2003-2004",
      "file": "academic/academic_calender/files/Banner.jpg"
    }
  },
  {
    "model": "iqac.iqacfunctionrecord",
    "pk": 268,
    "fields": {
      "event": 10,
      "year_of_event": "2003-2004",
      "file": "academic/academic_calender/files/Banner.jpg"
    }
  },
  {
    "model": "iqac.iqacfunctionrecord",
    "pk": 269,
    "fields": {
      "event": 10,
      "year_of_event": "2004-2005",
      "file": "academic/academic_calender/files/Banner.jpg"
    }
  },
  {
    "model": "iqac.iqacfunctionrecord",
    "pk": 270,
    "fields": {
      "event": 10,
      "year_of_event": "2014-2015",
      "file": "academic/academic_calender/files/Banner.jpg"
    }
  },
  {
    "model": "iqac.iqacfunctionrecord",
    "pk": 271,
    "fields": {
      "event": 10,
      "year_of_event": "2010-2011",
      "file": "academic/academic_calender/files/Banner.jpg"
    }
  },
  {
    "model": "iqac.iqacfunctionrecord",
    "pk": 272,
    "fields": {
      "event": 10,
      "year_of_event": "2009-2010",
      "file": "academic/academic_calender/files/Banner.jpg"
    }
  },
  {
    "model": "iqac.iqacfunctionrecord",
    "pk": 273,
    "fields": {
      "event": 10,
      "year_of_event": "2008-2009",
      "file": "academic/academic_calender/files/Banner.jpg"
    }
  },
  {
    "model": "iqac.iqacfunctionrecord",
    "pk": 274,
    "fields": {
      "event": 10,
      "year_of_event": "2004-2005",
      "file": "academic/academic_calender/files/Banner.jpg"
    }
  },
  {
    "model": "iqac.iqacfunctionrecord",
    "pk": 275,
    "fields": {
      "event": 10,
      "year_of_event": "2002-2003",
      "file": "academic/academic_calender/files/Banner.jpg"
    }
  },
  {
    "model": "iqac.iqacfunctionrecord",
    "pk": 276,
    "fields": {
      "event": 10,
      "year_of_event": "2001-2002",
      "file": "academic/academic_calender/files/Banner.jpg"
    }
  },
  {
    "model": "iqac.iqacfunctionrecord",
    "pk": 277,
    "fields": {
      "event": 10,
      "year_of_event": "2001-2002",
      "file": "academic/academic_calender/files/Banner.jpg"
    }
  },
  {
    "model": "iqac.iqacfunctionrecord",
    "pk": 278,
    "fields": {
      "event": 10,
      "year_of_event": "2002-2003",
      "file": "academic/academic_calender/files/Banner.jpg"
    }
  },
  {
    "model": "iqac.iqacfunctionrecord",
    "pk": 279,
    "fields": {
      "event": 10,
      "year_of_event": "2007-2008",
      "file": "academic/academic_calender/files/Banner.jpg"
    }
  },
  {
    "model": "iqac.iqacfunctionrecord",
    "pk": 280,
    "fields": {
      "event": 10,
      "year_of_event": "2006-2007",
      "file": "academic/academic_calender/files/Banner.jpg"
    }
  },
  {
    "model": "iqac.iqacfunctionrecord",
    "pk": 281,
    "fields": {
      "event": 10,
      "year_of_event": "2011-2012",
      "file": "academic/academic_calender/files/Banner.jpg"
    }
  },
  {
    "model": "iqac.iqacfunctionrecord",
    "pk": 282,
    "fields": {
      "event": 10,
      "year_of_event": "2012-2013",
      "file": "academic/academic_calender/files/Banner.jpg"
    }
  },
  {
    "model": "iqac.iqacfunctionrecord",
    "pk": 283,
    "fields": {
      "event": 10,
      "year_of_event": "2014-2015",
      "file": "academic/academic_calender/files/Banner.jpg"
    }
  },
  {
    "model": "iqac.iqacfunctionrecord",
    "pk": 284,
    "fields": {
      "event": 10,
      "year_of_event": "2001-2002",
      "file": "academic/academic_calender/files/Banner.jpg"
    }
  },
  {
    "model": "iqac.iqacfunctionrecord",
    "pk": 285,
    "fields": {
      "event": 10,
      "year_of_event": "2003-2004",
      "file": "academic/academic_calender/files/Banner.jpg"
    }
  },
  {
    "model": "iqac.iqacfunctionrecord",
    "pk": 286,
    "fields": {
      "event": 10,
      "year_of_event": "2003-2004",
      "file": "academic/academic_calender/files/Banner.jpg"
    }
  },
  {
    "model": "iqac.iqacfunctionrecord",
    "pk": 287,
    "fields": {
      "event": 10,
      "year_of_event": "2004-2005",
      "file": "academic/academic_calender/files/Banner.jpg"
    }
  },
  {
    "model": "iqac.iqacfunctionrecord",
    "pk": 288,
    "fields": {
      "event": 10,
      "year_of_event": "2014-2015",
      "file": "academic/academic_calender/files/Banner.jpg"
    }
  },
  {
    "model": "iqac.iqacfunctionrecord",
    "pk": 289,
    "fields": {
      "event": 10,
      "year_of_event": "2010-2011",
      "file": "academic/academic_calender/files/Banner.jpg"
    }
  },
  {
    "model": "iqac.iqacfunctionrecord",
    "pk": 290,
    "fields": {
      "event": 10,
      "year_of_event": "2009-2010",
      "file": "academic/academic_calender/files/Banner.jpg"
    }
  },
  {
    "model": "iqac.iqacfunctionrecord",
    "pk": 291,
    "fields": {
      "event": 10,
      "year_of_event": "2008-2009",
      "file": "academic/academic_calender/files/Banner.jpg"
    }
  },
  {
    "model": "iqac.iqacfunctionrecord",
    "pk": 292,
    "fields": {
      "event": 10,
      "year_of_event": "2004-2005",
      "file": "academic/academic_calender/files/Banner.jpg"
    }
  },
  {
    "model": "iqac.iqaccomplaint",
    "pk": 7,
    "fields": {
      "date": "2023-07-31",
      "first_name": "Abhishek",
      "last_name": "Ruby",
      "year_of_batch": 79,
      "subject": 4,
      "complaint": "hhjiu",
      "is_deleted": false
    }
  },
  {
    "model": "iqac.iqaccomplaint",
    "pk": 8,
    "fields": {
      "date": "2023-08-14",
      "first_name": "Abhishek",
      "last_name": "Ruby",
      "year_of_batch": 67,
      "subject": 4,
      "complaint": "jjhjh",
      "is_deleted": false
    }
  },
  {
    "model": "academic.academiccourseheading",
    "pk": 1,
    "fields": {
      "title": "Meet Our Academics",
      "sub_title": "The scholarly activities of a school or university, of or relating to a college, academy, school or higher education institution, especially one for higher education.",
      "description": ""
    }
  },
  {
    "model": "academic.academiccourse",
    "pk": 1,
    "fields": {
      "title": "B Ed Course",
      "arrow_tag": "Programmes",
      "description": "A program is the award you are working towards. It is made up of courses, each attributed a unit value.",
      "image": "home/academics_programmes/images/Rectangle_28.jpg",
      "date": "2023-06-24",
      "is_deleted": false
    }
  },
  {
    "model": "academic.academiccourse",
    "pk": 2,
    "fields": {
      "title": "Academic Calendar - 2023",
      "arrow_tag": "Academic Calendar",
      "description": "A program is the award you are working towards. It is made up of courses, each attributed a unit value.",
      "image": "home/academics_programmes/images/Rectangle_28_1.jpg",
      "date": "2023-06-24",
      "is_deleted": false
    }
  },
  {
    "model": "academic.academiccourse",
    "pk": 3,
    "fields": {
      "title": "IGNOU Courses",
      "arrow_tag": "Programmes",
      "description": "A program is the award you are working towards. It is made up of courses, each attributed a unit value.",
      "image": "home/academics_programmes/images/Rectangle_28_2.jpg",
      "date": "2023-06-24",
      "is_deleted": false
    }
  },
  {
    "model": "academic.programspotlight",
    "pk": "0871a46b-8d2b-4913-9c11-ed8eacba1b7d",
    "fields": {
      "tag": "B.Ed. program",
      "title": "Bachelor of Education at JNTC",
      "sub_title": "Jamia Nadwiyya Training College offers a Bachelor of Education (B.Ed.) program that focuses on the professional development of aspiring teachers.",
      "image": "academic/programmes/spotlight/image/Rectangle_39_2.jpg",
      "is_deleted": false,
      "date": "2023-07-25"
    }
  },
  {
    "model": "academic.programspotlight",
    "pk": "462e5408-b820-4f54-a3bd-abb41ef88eb3",
    "fields": {
      "tag": "IGNOU Courses",
      "title": "IGNOU courses offered by JNTC",
      "sub_title": "Several academic programmes from IGNOU are available through the Center. On the list are the following programmes such as such as BA degrees.",
      "image": "academic/programmes/spotlight/image/Rectangle_39.jpg",
      "is_deleted": false,
      "date": "2023-07-25"
    }
  },
  {
    "model": "academic.programabout",
    "pk": 1,
    "fields": {
      "program": "462e5408-b820-4f54-a3bd-abb41ef88eb3",
      "tag": "About IGNOU",
      "title": "IGNOU: Bridging the gap to education through distance learning",
      "highlight_word": "IGNOU",
      "description": "IGNOU: India's premier distance education university established in 1985. Providing undergraduate, postgraduate, and diploma courses to enable learners to pursue education despite location or circumstances."
    }
  },
  {
    "model": "academic.programabout",
    "pk": 2,
    "fields": {
      "program": "0871a46b-8d2b-4913-9c11-ed8eacba1b7d",
      "tag": "About B.Ed.",
      "title": "Overview of Bachelor of Education (B.Ed.) Program",
      "highlight_word": "Bachelor of Education",
      "description": "Euismod sit quis phasellus pellentesque ullamcorper dictumst. Vivamus leo et ipsum amet id quis. Quam amet blandit viverra integer facilisi tortor non felis aliquet. Sagittis nec eget malesuada sit nunc. Amet lacus et morbi massa ut."
    }
  },
  {
    "model": "academic.programaboutgallery",
    "pk": 1,
    "fields": {
      "about": 1,
      "image": "academic/programmes/about/images/Rectangle_53_5_JMxEj4I.jpg"
    }
  },
  {
    "model": "academic.programaboutgallery",
    "pk": 2,
    "fields": {
      "about": 1,
      "image": "academic/programmes/about/images/Rectangle_53_4.jpg"
    }
  },
  {
    "model": "academic.programaboutgallery",
    "pk": 3,
    "fields": {
      "about": 1,
      "image": "academic/programmes/about/images/Rectangle_53_3_1Jx9MwK.jpg"
    }
  },
  {
    "model": "academic.programaboutgallery",
    "pk": 4,
    "fields": {
      "about": 2,
      "image": "academic/programmes/about/images/Rectangle_53_8_G9iQIyl.jpg"
    }
  },
  {
    "model": "academic.programaboutgallery",
    "pk": 5,
    "fields": {
      "about": 2,
      "image": "academic/programmes/about/images/Rectangle_53_7.jpg"
    }
  },
  {
    "model": "academic.programaboutgallery",
    "pk": 6,
    "fields": {
      "about": 2,
      "image": "academic/programmes/about/images/Rectangle_53_6_sUqmVuM.jpg"
    }
  },
  {
    "model": "academic.programobjective",
    "pk": 1,
    "fields": {
      "program": "462e5408-b820-4f54-a3bd-abb41ef88eb3",
      "tag": "Objectives",
      "title": "Objectives of IGNOU",
      "highlight_word": "Objectives",
      "image": "academic/programmes/objectives/image/Rectangle_5691.jpg"
    }
  },
  {
    "model": "academic.programobjective",
    "pk": 3,
    "fields": {
      "program": null,
      "tag": null,
      "title": null,
      "highlight_word": null,
      "image": ""
    }
  },
  {
    "model": "academic.programobjectivepoint",
    "pk": 1,
    "fields": {
      "objective": 1,
      "title": "To promote the educational well being of the community"
    }
  },
  {
    "model": "academic.programobjectivepoint",
    "pk": 2,
    "fields": {
      "objective": 1,
      "title": "Democratize higher education by providing easy access to all those who desire to improve their qualification."
    }
  },
  {
    "model": "academic.programobjectivepoint",
    "pk": 3,
    "fields": {
      "objective": 1,
      "title": "Provide high quality education to all levels"
    }
  },
  {
    "model": "academic.programobjectivepoint",
    "pk": 4,
    "fields": {
      "objective": 1,
      "title": "Disseminate knowledge through an innovative multimedia teaching learning system"
    }
  },
  {
    "model": "academic.programgatewayheading",
    "pk": 1,
    "fields": {
      "program": "462e5408-b820-4f54-a3bd-abb41ef88eb3",
      "tag": "IGNOU Gateway",
      "title": "IGNOU Admission, Fee Structure, and Exam Results"
    }
  },
  {
    "model": "academic.programgateway",
    "pk": "1aaf0e4f-1491-4140-89b6-bb7ce3ce6de4",
    "fields": {
      "object": 1,
      "tag": null,
      "title": "Fee Structure",
      "sub_title": null,
      "description": "IGNOU offers affordable fees for their diverse range of programs. Check fee details now.",
      "url": null,
      "image": "academic/programmes/gateway/image/Rectangle_28_4.jpg"
    }
  },
  {
    "model": "academic.programgateway",
    "pk": "46eb8c6a-dcc0-4e96-8562-a396205dbcec",
    "fields": {
      "object": 1,
      "tag": null,
      "title": "Course Admission",
      "sub_title": null,
      "description": "IGNOU offers flexible education options worldwide with a wide range of programs. Apply now.",
      "url": null,
      "image": "academic/programmes/gateway/image/Rectangle_28_3.jpg"
    }
  },
  {
    "model": "academic.programgateway",
    "pk": "68caa0cb-a851-422a-95be-bc0f60d86a7f",
    "fields": {
      "object": 1,
      "tag": null,
      "title": "Exam Results",
      "sub_title": null,
      "description": "IGNOU exam results are easily accessible online. Check your progress and plan ahead.",
      "url": null,
      "image": "academic/programmes/gateway/image/Rectangle_28_5.jpg"
    }
  },
  {
    "model": "academic.programinformation",
    "pk": 1,
    "fields": {
      "program": "462e5408-b820-4f54-a3bd-abb41ef88eb3",
      "tag": "IGNOU in JNTC",
      "title": "IGNOU courses are offered at JNTC",
      "highlight_word": "at JNTC",
      "sub_title": "Since 2009 with the centre code 14121",
      "description": "IGNOU courses began at Jamia Nadwiyya Training College in 2009, with the centre code 14121. JNTC is also an IGNOU examination centre with the centre code 86. The study center's duties are coordinated by the Vadakara regional centre.",
      "image": "academic/programmes/Information/image/Rectangle_26_2.jpg"
    }
  },
  {
    "model": "academic.programinformation",
    "pk": 2,
    "fields": {
      "program": "0871a46b-8d2b-4913-9c11-ed8eacba1b7d",
      "tag": "B.Ed in JNTC",
      "title": "B.Ed. course are offered at JNTC",
      "highlight_word": "at JNTC",
      "sub_title": "Et lorem commodo turpis in ac urna",
      "description": "Ut gravida eu etiam scelerisque nunc ac eu amet. Scelerisque id cursus vestibulum dolor sit pharetra at. Tincidunt justo nullam pharetra at quisque. Eu pharetra lorem facilisis in faucibus id. Sit eu imperdiet ac fames etiam. Egestas eleifend vestibulum ut.",
      "image": "academic/programmes/Information/image/Rectangle_26_3.jpg"
    }
  },
  {
    "model": "academic.programinformationfile",
    "pk": 1,
    "fields": {
      "program": "462e5408-b820-4f54-a3bd-abb41ef88eb3",
      "tag": "Prospectus",
      "title": "Download Prospectus",
      "sub_title": "Download the IGNOU Prospectus PDF for Detailed Information",
      "file_name": "IGNOU Common prospectus",
      "file": "academic/programmes/Information/files/andritz-annual-financial-report-2019-data.zip"
    }
  },
  {
    "model": "academic.academiccalenderspotlight",
    "pk": "a5918bdf-5250-45b8-961d-77eaff941eb5",
    "fields": {
      "title": "Academic Calendar",
      "sub_title": "Jamia Nadawiyya Training College owes her genesis and efflorescence.",
      "image": "academic/academic_calender/spotlight/image/Banner_GXRP2nt.jpg"
    }
  },
  {
    "model": "academic.academiccalenderbatch",
    "pk": 1,
    "fields": { "batch": "2021-2023", "is_deleted": false }
  },
  {
    "model": "academic.academiccalenderbatch",
    "pk": 2,
    "fields": { "batch": "2021-2023", "is_deleted": false }
  },
  {
    "model": "academic.academiccalenderbatch",
    "pk": 3,
    "fields": { "batch": "2019-2021", "is_deleted": false }
  },
  {
    "model": "academic.academiccalenderbatch",
    "pk": 4,
    "fields": { "batch": "2017-2019", "is_deleted": false }
  },
  {
    "model": "academic.academiccalenderbatch",
    "pk": 5,
    "fields": { "batch": "2015-2017", "is_deleted": false }
  },
  {
    "model": "academic.academiccalenderbatchyear",
    "pk": 1,
    "fields": {
      "batch": 1,
      "year": "1st Year",
      "file": "academic/academic_calender/files/Banner.jpg"
    }
  },
  {
    "model": "academic.academiccalenderbatchyear",
    "pk": 2,
    "fields": {
      "batch": 1,
      "year": "2st Year",
      "file": "academic/academic_calender/files/Banner.jpg"
    }
  },
  {
    "model": "academic.academiccalenderbatchyear",
    "pk": 3,
    "fields": {
      "batch": 2,
      "year": "1st Year",
      "file": "academic/academic_calender/files/Banner.jpg"
    }
  },
  {
    "model": "academic.academiccalenderbatchyear",
    "pk": 4,
    "fields": {
      "batch": 2,
      "year": "2st Year",
      "file": "academic/academic_calender/files/Banner.jpg"
    }
  },
  {
    "model": "academic.academiccalenderbatchyear",
    "pk": 5,
    "fields": {
      "batch": 3,
      "year": "1st Year",
      "file": "academic/academic_calender/files/Banner.jpg"
    }
  },
  {
    "model": "academic.academiccalenderbatchyear",
    "pk": 6,
    "fields": {
      "batch": 3,
      "year": "2st Year",
      "file": "academic/academic_calender/files/Banner.jpg"
    }
  },
  {
    "model": "academic.academiccalenderbatchyear",
    "pk": 7,
    "fields": {
      "batch": 4,
      "year": "1st Year",
      "file": "academic/academic_calender/files/Banner.jpg"
    }
  },
  {
    "model": "academic.academiccalenderbatchyear",
    "pk": 8,
    "fields": {
      "batch": 4,
      "year": "2st Year",
      "file": "academic/academic_calender/files/Banner.jpg"
    }
  },
  {
    "model": "academic.academiccalenderbatchyear",
    "pk": 9,
    "fields": {
      "batch": 5,
      "year": "1st Year",
      "file": "academic/academic_calender/files/Banner.jpg"
    }
  },
  {
    "model": "academic.academiccalenderbatchyear",
    "pk": 10,
    "fields": {
      "batch": 5,
      "year": "2st Year",
      "file": "academic/academic_calender/files/Banner.jpg"
    }
  },
  {
    "model": "academic.academiccalenderbatchsemester",
    "pk": 1,
    "fields": {
      "batch": 1,
      "semester": "1st Semester",
      "file": "academic/academic_calender/files/Banner.jpg"
    }
  },
  {
    "model": "academic.academiccalenderbatchsemester",
    "pk": 2,
    "fields": {
      "batch": 1,
      "semester": "2st Semester",
      "file": "academic/academic_calender/files/Banner.jpg"
    }
  },
  {
    "model": "academic.academiccalenderbatchsemester",
    "pk": 3,
    "fields": {
      "batch": 1,
      "semester": "3st Semester",
      "file": "academic/academic_calender/files/Banner.jpg"
    }
  },
  {
    "model": "academic.academiccalenderbatchsemester",
    "pk": 4,
    "fields": {
      "batch": 1,
      "semester": "4st Semester",
      "file": "academic/academic_calender/files/Banner.jpg"
    }
  },
  {
    "model": "academic.academiccalenderbatchsemester",
    "pk": 5,
    "fields": {
      "batch": 2,
      "semester": "1st Semester",
      "file": "academic/academic_calender/files/Banner.jpg"
    }
  },
  {
    "model": "academic.academiccalenderbatchsemester",
    "pk": 6,
    "fields": {
      "batch": 2,
      "semester": "2st Semester",
      "file": "academic/academic_calender/files/Banner.jpg"
    }
  },
  {
    "model": "academic.academiccalenderbatchsemester",
    "pk": 7,
    "fields": {
      "batch": 2,
      "semester": "3st Semester",
      "file": "academic/academic_calender/files/Banner.jpg"
    }
  },
  {
    "model": "academic.academiccalenderbatchsemester",
    "pk": 8,
    "fields": {
      "batch": 2,
      "semester": "4st Semester",
      "file": "academic/academic_calender/files/Banner.jpg"
    }
  },
  {
    "model": "academic.academiccalenderbatchsemester",
    "pk": 9,
    "fields": {
      "batch": 3,
      "semester": "1st Semester",
      "file": "academic/academic_calender/files/Banner.jpg"
    }
  },
  {
    "model": "academic.academiccalenderbatchsemester",
    "pk": 10,
    "fields": {
      "batch": 3,
      "semester": "2st Semester",
      "file": "academic/academic_calender/files/Banner.jpg"
    }
  },
  {
    "model": "academic.academiccalenderbatchsemester",
    "pk": 11,
    "fields": {
      "batch": 3,
      "semester": "3st Semester",
      "file": "academic/academic_calender/files/Banner.jpg"
    }
  },
  {
    "model": "academic.academiccalenderbatchsemester",
    "pk": 12,
    "fields": {
      "batch": 3,
      "semester": "4st Semester",
      "file": "academic/academic_calender/files/Banner.jpg"
    }
  },
  {
    "model": "academic.academiccalenderbatchsemester",
    "pk": 13,
    "fields": {
      "batch": 4,
      "semester": "1st Semester",
      "file": "academic/academic_calender/files/Banner.jpg"
    }
  },
  {
    "model": "academic.academiccalenderbatchsemester",
    "pk": 14,
    "fields": {
      "batch": 4,
      "semester": "2st Semester",
      "file": "academic/academic_calender/files/Banner.jpg"
    }
  },
  {
    "model": "academic.academiccalenderbatchsemester",
    "pk": 15,
    "fields": {
      "batch": 4,
      "semester": "3st Semester",
      "file": "academic/academic_calender/files/Banner.jpg"
    }
  },
  {
    "model": "academic.academiccalenderbatchsemester",
    "pk": 16,
    "fields": {
      "batch": 4,
      "semester": "4st Semester",
      "file": "academic/academic_calender/files/Banner.jpg"
    }
  },
  {
    "model": "academic.academiccalenderbatchsemester",
    "pk": 17,
    "fields": {
      "batch": 5,
      "semester": "1st Semester",
      "file": "academic/academic_calender/files/Banner.jpg"
    }
  },
  {
    "model": "academic.academiccalenderbatchsemester",
    "pk": 18,
    "fields": {
      "batch": 5,
      "semester": "2st Semester",
      "file": "academic/academic_calender/files/Banner.jpg"
    }
  },
  {
    "model": "academic.academiccalenderbatchsemester",
    "pk": 19,
    "fields": {
      "batch": 5,
      "semester": "3st Semester",
      "file": "academic/academic_calender/files/Banner.jpg"
    }
  },
  {
    "model": "academic.academiccalenderbatchsemester",
    "pk": 20,
    "fields": {
      "batch": 5,
      "semester": "4st Semester",
      "file": "academic/academic_calender/files/Banner.jpg"
    }
  },
  {
    "model": "academic.evaluationpolicyspotlight",
    "pk": 1,
    "fields": {
      "title": "Evaluation policies",
      "sub_title": "Jamia Nadawiyya Training College owes her genesis and efflorescence.",
      "image": "academic/evaluation_policy/spotlight/image/Banner.jpg"
    }
  },
  {
    "model": "academic.evaluationpolicyfile",
    "pk": 2,
    "fields": {
      "name": "Networking events",
      "image": "academic/evaluation_policy/files/images/download2.png",
      "file": "academic/academic_calender/files/Banner.jpg",
      "date": "2023-07-06"
    }
  },
  {
    "model": "academic.evaluationpolicyfile",
    "pk": 3,
    "fields": {
      "name": "Networking events",
      "image": "academic/evaluation_policy/files/images/download2.png",
      "file": "academic/academic_calender/files/Banner.jpg",
      "date": "2023-07-06"
    }
  },
  {
    "model": "academic.evaluationpolicyfile",
    "pk": 4,
    "fields": {
      "name": "Networking events",
      "image": "academic/evaluation_policy/files/images/download2.png",
      "file": "academic/academic_calender/files/Banner.jpg",
      "date": "2023-07-06"
    }
  },
  {
    "model": "academic.evaluationpolicyfile",
    "pk": 5,
    "fields": {
      "name": "Networking events",
      "image": "academic/evaluation_policy/files/images/download2.png",
      "file": "academic/academic_calender/files/Banner.jpg",
      "date": "2023-07-06"
    }
  },
  {
    "model": "academic.evaluationpolicyfile",
    "pk": 6,
    "fields": {
      "name": "Networking events",
      "image": "academic/evaluation_policy/files/images/download2.png",
      "file": "academic/academic_calender/files/Banner.jpg",
      "date": "2023-07-06"
    }
  },
  {
    "model": "academic.evaluationpolicyfile",
    "pk": 7,
    "fields": {
      "name": "Networking events",
      "image": "academic/evaluation_policy/files/images/download2.png",
      "file": "academic/academic_calender/files/Banner.jpg",
      "date": "2023-07-06"
    }
  },
  {
    "model": "academic.evaluationpolicyfile",
    "pk": 8,
    "fields": {
      "name": "Networking events",
      "image": "academic/evaluation_policy/files/images/download2.png",
      "file": "academic/academic_calender/files/Banner.jpg",
      "date": "2023-07-06"
    }
  },
  {
    "model": "academic.evaluationpolicyfile",
    "pk": 9,
    "fields": {
      "name": "Networking events",
      "image": "academic/evaluation_policy/files/images/download2.png",
      "file": "academic/academic_calender/files/Banner.jpg",
      "date": "2023-07-06"
    }
  },
  {
    "model": "academic.evaluationpolicyfile",
    "pk": 10,
    "fields": {
      "name": "Networking events",
      "image": "academic/evaluation_policy/files/images/download2.png",
      "file": "academic/academic_calender/files/Banner.jpg",
      "date": "2023-07-06"
    }
  },
  {
    "model": "academic.evaluationpolicyfile",
    "pk": 11,
    "fields": {
      "name": "Networking events",
      "image": "academic/evaluation_policy/files/images/download2.png",
      "file": "academic/academic_calender/files/Banner.jpg",
      "date": "2023-07-06"
    }
  },
  {
    "model": "academic.evaluationpolicyfile",
    "pk": 12,
    "fields": {
      "name": "Networking events",
      "image": "academic/evaluation_policy/files/images/download2.png",
      "file": "academic/academic_calender/files/Banner.jpg",
      "date": "2023-07-06"
    }
  },
  {
    "model": "academic.evaluationpolicyfile",
    "pk": 13,
    "fields": {
      "name": "Networking events",
      "image": "academic/evaluation_policy/files/images/download2.png",
      "file": "academic/academic_calender/files/Banner.jpg",
      "date": "2023-07-06"
    }
  },
  {
    "model": "academic.evaluationpolicyfile",
    "pk": 14,
    "fields": {
      "name": "Networking events",
      "image": "academic/evaluation_policy/files/images/download2.png",
      "file": "academic/academic_calender/files/Banner.jpg",
      "date": "2023-07-06"
    }
  },
  {
    "model": "academic.evaluationpolicyfile",
    "pk": 15,
    "fields": {
      "name": "Networking events",
      "image": "academic/evaluation_policy/files/images/download2.png",
      "file": "academic/academic_calender/files/Banner.jpg",
      "date": "2023-07-06"
    }
  },
  {
    "model": "academic.evaluationpolicyfile",
    "pk": 16,
    "fields": {
      "name": "Networking events",
      "image": "academic/evaluation_policy/files/images/download2.png",
      "file": "academic/academic_calender/files/Banner.jpg",
      "date": "2023-07-06"
    }
  },
  {
    "model": "academic.evaluationpolicyfile",
    "pk": 17,
    "fields": {
      "name": "Networking events",
      "image": "academic/evaluation_policy/files/images/download2.png",
      "file": "academic/academic_calender/files/Banner.jpg",
      "date": "2023-07-06"
    }
  },
  {
    "model": "academic.evaluationpolicyfile",
    "pk": 18,
    "fields": {
      "name": "Networking events",
      "image": "academic/evaluation_policy/files/images/download2.png",
      "file": "academic/academic_calender/files/Banner.jpg",
      "date": "2023-07-06"
    }
  },
  {
    "model": "academic.evaluationpolicyfile",
    "pk": 19,
    "fields": {
      "name": "Networking events",
      "image": "academic/evaluation_policy/files/images/download2.png",
      "file": "academic/academic_calender/files/Banner.jpg",
      "date": "2023-07-06"
    }
  },
  {
    "model": "academic.evaluationpolicyfile",
    "pk": 20,
    "fields": {
      "name": "Networking events",
      "image": "academic/evaluation_policy/files/images/download2.png",
      "file": "academic/academic_calender/files/Banner.jpg",
      "date": "2023-07-06"
    }
  },
  {
    "model": "academic.evaluationpolicyfile",
    "pk": 21,
    "fields": {
      "name": "Networking events",
      "image": "academic/evaluation_policy/files/images/download2.png",
      "file": "academic/academic_calender/files/Banner.jpg",
      "date": "2023-07-06"
    }
  },
  {
    "model": "academic.evaluationpolicyfile",
    "pk": 22,
    "fields": {
      "name": "Networking events",
      "image": "academic/evaluation_policy/files/images/download2.png",
      "file": "academic/academic_calender/files/Banner.jpg",
      "date": "2023-07-06"
    }
  },
  {
    "model": "academic.evaluationpolicyfile",
    "pk": 23,
    "fields": {
      "name": "Networking events",
      "image": "academic/evaluation_policy/files/images/download2.png",
      "file": "academic/academic_calender/files/Banner.jpg",
      "date": "2023-07-06"
    }
  },
  {
    "model": "academic.evaluationpolicyfile",
    "pk": 24,
    "fields": {
      "name": "Networking events",
      "image": "academic/evaluation_policy/files/images/download2.png",
      "file": "academic/academic_calender/files/Banner.jpg",
      "date": "2023-07-06"
    }
  },
  {
    "model": "academic.evaluationpolicyfile",
    "pk": 25,
    "fields": {
      "name": "Networking events",
      "image": "academic/evaluation_policy/files/images/download2.png",
      "file": "academic/academic_calender/files/Banner.jpg",
      "date": "2023-07-06"
    }
  },
  {
    "model": "academic.evaluationpolicyfile",
    "pk": 26,
    "fields": {
      "name": "Networking events",
      "image": "academic/evaluation_policy/files/images/download2.png",
      "file": "academic/academic_calender/files/Banner.jpg",
      "date": "2023-07-06"
    }
  },
  {
    "model": "academic.evaluationpolicyfile",
    "pk": 27,
    "fields": {
      "name": "Networking events",
      "image": "academic/evaluation_policy/files/images/download2.png",
      "file": "academic/academic_calender/files/Banner.jpg",
      "date": "2023-07-06"
    }
  },
  {
    "model": "academic.evaluationpolicyfile",
    "pk": 28,
    "fields": {
      "name": "Networking events",
      "image": "academic/evaluation_policy/files/images/download2.png",
      "file": "academic/academic_calender/files/Banner.jpg",
      "date": "2023-07-06"
    }
  },
  {
    "model": "academic.evaluationpolicyfile",
    "pk": 29,
    "fields": {
      "name": "Networking events",
      "image": "academic/evaluation_policy/files/images/download2.png",
      "file": "academic/academic_calender/files/Banner.jpg",
      "date": "2023-07-06"
    }
  },
  {
    "model": "academic.evaluationpolicyfile",
    "pk": 30,
    "fields": {
      "name": "Networking events",
      "image": "academic/evaluation_policy/files/images/download2.png",
      "file": "academic/academic_calender/files/Banner.jpg",
      "date": "2023-07-06"
    }
  },
  {
    "model": "academic.evaluationpolicyfile",
    "pk": 31,
    "fields": {
      "name": "Networking events",
      "image": "academic/evaluation_policy/files/images/download2.png",
      "file": "academic/academic_calender/files/Banner.jpg",
      "date": "2023-07-06"
    }
  },
  {
    "model": "academic.evaluationpolicyfile",
    "pk": 32,
    "fields": {
      "name": "Networking events",
      "image": "academic/evaluation_policy/files/images/download2.png",
      "file": "academic/evaluation_policy/files/Abhishek-Ruby_1.pdf",
      "date": "2023-07-06"
    }
  },
  {
    "model": "academic.accountspotlight",
    "pk": 1,
    "fields": {
      "title": "Accounts",
      "sub_title": "Jamia Nadawiyya Training College owes her genesis and efflorescence.",
      "image": "academic/account/spotlight/image/Banner.jpg"
    }
  },
  {
    "model": "academic.accountfile",
    "pk": 1,
    "fields": {
      "name": "Networking events",
      "image": "academic/account/files/images/download2.png",
      "file": "academic/academic_calender/files/Banner.jpg",
      "date": "2023-06-28"
    }
  },
  {
    "model": "academic.accountfile",
    "pk": 2,
    "fields": {
      "name": "Networking events",
      "image": "academic/account/files/images/download2.png",
      "file": "academic/academic_calender/files/Banner.jpg",
      "date": "2023-06-28"
    }
  },
  {
    "model": "academic.accountfile",
    "pk": 3,
    "fields": {
      "name": "Networking events",
      "image": "academic/account/files/images/download2.png",
      "file": "academic/academic_calender/files/Banner.jpg",
      "date": "2023-06-28"
    }
  },
  {
    "model": "academic.accountfile",
    "pk": 4,
    "fields": {
      "name": "Networking events",
      "image": "academic/account/files/images/download2.png",
      "file": "academic/academic_calender/files/Banner.jpg",
      "date": "2023-06-28"
    }
  },
  {
    "model": "academic.accountfile",
    "pk": 5,
    "fields": {
      "name": "Networking events",
      "image": "academic/account/files/images/download2.png",
      "file": "academic/academic_calender/files/Banner.jpg",
      "date": "2023-06-28"
    }
  },
  {
    "model": "academic.accountfile",
    "pk": 6,
    "fields": {
      "name": "Networking events",
      "image": "academic/account/files/images/download2.png",
      "file": "academic/academic_calender/files/Banner.jpg",
      "date": "2023-06-28"
    }
  },
  {
    "model": "academic.accountfile",
    "pk": 7,
    "fields": {
      "name": "Networking events",
      "image": "academic/account/files/images/download2.png",
      "file": "academic/academic_calender/files/Banner.jpg",
      "date": "2023-06-28"
    }
  },
  {
    "model": "academic.accountfile",
    "pk": 8,
    "fields": {
      "name": "Networking events",
      "image": "academic/account/files/images/download2.png",
      "file": "academic/academic_calender/files/Banner.jpg",
      "date": "2023-06-28"
    }
  },
  {
    "model": "academic.accountfile",
    "pk": 9,
    "fields": {
      "name": "Networking events",
      "image": "academic/account/files/images/download2.png",
      "file": "academic/academic_calender/files/Banner.jpg",
      "date": "2023-06-28"
    }
  },
  {
    "model": "academic.accountfile",
    "pk": 10,
    "fields": {
      "name": "Networking events",
      "image": "academic/account/files/images/download2.png",
      "file": "academic/academic_calender/files/Banner.jpg",
      "date": "2023-06-28"
    }
  },
  {
    "model": "academic.accountfile",
    "pk": 11,
    "fields": {
      "name": "Networking events",
      "image": "academic/account/files/images/download2.png",
      "file": "academic/academic_calender/files/Banner.jpg",
      "date": "2023-06-28"
    }
  },
  {
    "model": "academic.accountfile",
    "pk": 12,
    "fields": {
      "name": "Networking events",
      "image": "academic/account/files/images/download2.png",
      "file": "academic/academic_calender/files/Banner.jpg",
      "date": "2023-06-28"
    }
  },
  {
    "model": "academic.accountfile",
    "pk": 13,
    "fields": {
      "name": "Networking events",
      "image": "academic/account/files/images/download2.png",
      "file": "academic/academic_calender/files/Banner.jpg",
      "date": "2023-06-28"
    }
  },
  {
    "model": "academic.accountfile",
    "pk": 14,
    "fields": {
      "name": "Networking events",
      "image": "academic/account/files/images/download2.png",
      "file": "academic/academic_calender/files/Banner.jpg",
      "date": "2023-06-28"
    }
  },
  {
    "model": "academic.accountfile",
    "pk": 15,
    "fields": {
      "name": "Networking events",
      "image": "academic/account/files/images/download2.png",
      "file": "academic/academic_calender/files/Banner.jpg",
      "date": "2023-06-28"
    }
  },
  {
    "model": "academic.accountfile",
    "pk": 16,
    "fields": {
      "name": "Networking events",
      "image": "academic/account/files/images/download2.png",
      "file": "academic/academic_calender/files/Banner.jpg",
      "date": "2023-06-28"
    }
  },
  {
    "model": "academic.accountfile",
    "pk": 17,
    "fields": {
      "name": "Networking events",
      "image": "academic/account/files/images/download2.png",
      "file": "academic/academic_calender/files/Banner.jpg",
      "date": "2023-06-28"
    }
  },
  {
    "model": "academic.accountfile",
    "pk": 18,
    "fields": {
      "name": "Networking events",
      "image": "academic/account/files/images/download2.png",
      "file": "academic/academic_calender/files/Banner.jpg",
      "date": "2023-06-28"
    }
  },
  {
    "model": "academic.accountfile",
    "pk": 19,
    "fields": {
      "name": "Networking events",
      "image": "academic/account/files/images/download2.png",
      "file": "academic/academic_calender/files/Banner.jpg",
      "date": "2023-06-28"
    }
  },
  {
    "model": "academic.accountfile",
    "pk": 20,
    "fields": {
      "name": "Networking events",
      "image": "academic/account/files/images/download2.png",
      "file": "academic/academic_calender/files/Banner.jpg",
      "date": "2023-06-28"
    }
  },
  {
    "model": "academic.accountfile",
    "pk": 21,
    "fields": {
      "name": "Networking events",
      "image": "academic/account/files/images/download2.png",
      "file": "academic/academic_calender/files/Banner.jpg",
      "date": "2023-06-28"
    }
  },
  {
    "model": "academic.accountfile",
    "pk": 22,
    "fields": {
      "name": "Networking events",
      "image": "academic/account/files/images/download2.png",
      "file": "academic/academic_calender/files/Banner.jpg",
      "date": "2023-06-28"
    }
  },
  {
    "model": "academic.accountfile",
    "pk": 23,
    "fields": {
      "name": "Networking events",
      "image": "academic/account/files/images/download2.png",
      "file": "academic/academic_calender/files/Banner.jpg",
      "date": "2023-06-28"
    }
  },
  {
    "model": "academic.accountfile",
    "pk": 24,
    "fields": {
      "name": "Networking events",
      "image": "academic/account/files/images/download2.png",
      "file": "academic/academic_calender/files/Banner.jpg",
      "date": "2023-06-28"
    }
  },
  {
    "model": "academic.accountfile",
    "pk": 25,
    "fields": {
      "name": "Networking events",
      "image": "academic/account/files/images/download2.png",
      "file": "academic/academic_calender/files/Banner.jpg",
      "date": "2023-06-28"
    }
  },
  {
    "model": "academic.accountfile",
    "pk": 26,
    "fields": {
      "name": "Networking events",
      "image": "academic/account/files/images/download2.png",
      "file": "academic/academic_calender/files/Banner.jpg",
      "date": "2023-06-28"
    }
  },
  {
    "model": "academic.accountfile",
    "pk": 27,
    "fields": {
      "name": "Networking events",
      "image": "academic/account/files/images/download2.png",
      "file": "academic/academic_calender/files/Banner.jpg",
      "date": "2023-06-28"
    }
  },
  {
    "model": "academic.accountfile",
    "pk": 28,
    "fields": {
      "name": "Networking events",
      "image": "academic/account/files/images/download2.png",
      "file": "academic/academic_calender/files/Banner.jpg",
      "date": "2023-06-28"
    }
  },
  {
    "model": "academic.accountfile",
    "pk": 29,
    "fields": {
      "name": "Networking events",
      "image": "academic/account/files/images/download2.png",
      "file": "academic/academic_calender/files/Banner.jpg",
      "date": "2023-06-28"
    }
  },
  {
    "model": "academic.accountfile",
    "pk": 30,
    "fields": {
      "name": "Networking events",
      "image": "academic/account/files/images/download2.png",
      "file": "academic/academic_calender/files/Banner.jpg",
      "date": "2023-06-28"
    }
  },
  {
    "model": "academic.accountfile",
    "pk": 31,
    "fields": {
      "name": "Networking events",
      "image": "academic/account/files/images/download2.png",
      "file": "academic/academic_calender/files/Banner.jpg",
      "date": "2023-06-28"
    }
  },
  {
    "model": "academic.accountfile",
    "pk": 32,
    "fields": {
      "name": "Networking events",
      "image": "academic/account/files/images/download2.png",
      "file": "academic/academic_calender/files/Banner.jpg",
      "date": "2023-06-28"
    }
  },
  {
    "model": "academic.accountfile",
    "pk": 33,
    "fields": {
      "name": "Networking events",
      "image": "academic/account/files/images/download2.png",
      "file": "academic/academic_calender/files/Banner.jpg",
      "date": "2023-06-28"
    }
  },
  {
    "model": "academic.accountfile",
    "pk": 34,
    "fields": {
      "name": "Networking events",
      "image": "academic/account/files/images/download2.png",
      "file": "academic/academic_calender/files/Banner.jpg",
      "date": "2023-06-28"
    }
  },
  {
    "model": "academic.accountfile",
    "pk": 35,
    "fields": {
      "name": "Networking events",
      "image": "academic/account/files/images/download2.png",
      "file": "academic/academic_calender/files/Banner.jpg",
      "date": "2023-06-28"
    }
  },
  {
    "model": "academic.accountfile",
    "pk": 36,
    "fields": {
      "name": "Networking events",
      "image": "academic/account/files/images/download2.png",
      "file": "academic/academic_calender/files/Banner.jpg",
      "date": "2023-06-28"
    }
  },
  {
    "model": "academic.accountfile",
    "pk": 37,
    "fields": {
      "name": "Networking events",
      "image": "academic/account/files/images/download2.png",
      "file": "academic/academic_calender/files/Banner.jpg",
      "date": "2023-06-28"
    }
  },
  {
    "model": "academic.accountfile",
    "pk": 38,
    "fields": {
      "name": "Networking events",
      "image": "academic/account/files/images/download2.png",
      "file": "academic/academic_calender/files/Banner.jpg",
      "date": "2023-06-28"
    }
  },
  {
    "model": "academic.accountfile",
    "pk": 39,
    "fields": {
      "name": "Networking events",
      "image": "academic/account/files/images/download2.png",
      "file": "academic/academic_calender/files/Banner.jpg",
      "date": "2023-06-28"
    }
  },
  {
    "model": "academic.accountfile",
    "pk": 40,
    "fields": {
      "name": "Networking events",
      "image": "academic/account/files/images/download2.png",
      "file": "academic/academic_calender/files/Banner.jpg",
      "date": "2023-06-28"
    }
  },
  {
    "model": "academic.accountfile",
    "pk": 41,
    "fields": {
      "name": "Networking events",
      "image": "academic/account/files/images/download2.png",
      "file": "academic/account/files/invoice-1.pdf",
      "date": "2023-06-28"
    }
  },
  {
    "model": "resources.galleryspotlight",
    "pk": 1,
    "fields": {
      "title": "Moments Gallery",
      "sub_title": "Jamia Nadawiyya Training College owes her genesis and efflorescence.",
      "image": "moments_gallery/spotlight/image/test1.jpg"
    }
  },
  {
    "model": "resources.galleryevent",
    "pk": 1,
    "fields": {
      "title": "Arabic Day 2023",
      "date": "2023-06-21",
      "video": "resources/Galleries/events/videos/video.mp4",
      "is_deleted": false
    }
  },
  {
    "model": "resources.galleryevent",
    "pk": 3,
    "fields": {
      "title": "Caption contest",
      "date": "2023-06-22",
      "video": "resources/Galleries/events/videos/video.mp4",
      "is_deleted": false
    }
  },
  {
    "model": "resources.galleryevent",
    "pk": 4,
    "fields": {
      "title": "Petrichor'",
      "date": "2023-06-22",
      "video": "resources/Galleries/events/videos/video.mp4",
      "is_deleted": false
    }
  },
  {
    "model": "resources.galleryevent",
    "pk": 5,
    "fields": {
      "title": "Inaguration",
      "date": "2023-06-22",
      "video": "resources/Galleries/events/videos/video.mp4",
      "is_deleted": false
    }
  },
  {
    "model": "resources.galleryevent",
    "pk": 6,
    "fields": {
      "title": "Fine arts",
      "date": "2023-06-22",
      "video": "resources/Galleries/events/videos/video.mp4",
      "is_deleted": false
    }
  },
  {
    "model": "resources.galleryevent",
    "pk": 7,
    "fields": {
      "title": "National Education day",
      "date": "2023-06-22",
      "video": "resources/Galleries/events/videos/video.mp4",
      "is_deleted": false
    }
  },
  {
    "model": "resources.galleryevent",
    "pk": 8,
    "fields": {
      "title": "PTA Meeting",
      "date": "2023-06-22",
      "video": "resources/Galleries/events/videos/video.mp4",
      "is_deleted": false
    }
  },
  {
    "model": "resources.galleryevent",
    "pk": 9,
    "fields": {
      "title": "Reading day",
      "date": "2023-06-22",
      "video": "resources/Galleries/events/videos/video.mp4",
      "is_deleted": false
    }
  },
  {
    "model": "resources.galleryevent",
    "pk": 10,
    "fields": {
      "title": "Sports",
      "date": "2023-06-22",
      "video": "resources/Galleries/events/videos/video.mp4",
      "is_deleted": false
    }
  },
  {
    "model": "resources.galleryevent",
    "pk": 11,
    "fields": {
      "title": "Diwali",
      "date": "2023-06-22",
      "video": "resources/Galleries/events/videos/video.mp4",
      "is_deleted": false
    }
  },
  {
    "model": "resources.galleryeventalbum",
    "pk": 1,
    "fields": {
      "event": 1,
      "image": "resources/Galleries/events/images/Rectangle_70_1.jpg"
    }
  },
  {
    "model": "resources.galleryeventalbum",
    "pk": 2,
    "fields": {
      "event": 1,
      "image": "moments_gallery/event/images/Rectangle_71.jpg"
    }
  },
  {
    "model": "resources.galleryeventalbum",
    "pk": 3,
    "fields": {
      "event": 1,
      "image": "moments_gallery/event/images/Rectangle_72.jpg"
    }
  },
  {
    "model": "resources.galleryeventalbum",
    "pk": 4,
    "fields": {
      "event": 1,
      "image": "moments_gallery/event/images/Rectangle_73.jpg"
    }
  },
  {
    "model": "resources.galleryeventalbum",
    "pk": 5,
    "fields": {
      "event": 1,
      "image": "moments_gallery/event/images/Rectangle_70_1.jpg"
    }
  },
  {
    "model": "resources.galleryeventalbum",
    "pk": 6,
    "fields": {
      "event": 1,
      "image": "moments_gallery/event/images/Rectangle_71_1.jpg"
    }
  },
  {
    "model": "resources.galleryeventalbum",
    "pk": 7,
    "fields": {
      "event": 1,
      "image": "moments_gallery/event/images/Rectangle_72_1.jpg"
    }
  },
  {
    "model": "resources.galleryeventalbum",
    "pk": 8,
    "fields": {
      "event": 1,
      "image": "moments_gallery/event/images/Rectangle_73_1.jpg"
    }
  },
  {
    "model": "resources.galleryeventalbum",
    "pk": 23,
    "fields": {
      "event": 3,
      "image": "moments_gallery/event/images/Rectangle_70.jpg"
    }
  },
  {
    "model": "resources.galleryeventalbum",
    "pk": 24,
    "fields": {
      "event": 3,
      "image": "moments_gallery/event/images/Rectangle_71.jpg"
    }
  },
  {
    "model": "resources.galleryeventalbum",
    "pk": 25,
    "fields": {
      "event": 3,
      "image": "moments_gallery/event/images/Rectangle_72.jpg"
    }
  },
  {
    "model": "resources.galleryeventalbum",
    "pk": 26,
    "fields": {
      "event": 3,
      "image": "moments_gallery/event/images/Rectangle_73.jpg"
    }
  },
  {
    "model": "resources.galleryeventalbum",
    "pk": 27,
    "fields": {
      "event": 3,
      "image": "moments_gallery/event/images/Rectangle_70_1.jpg"
    }
  },
  {
    "model": "resources.galleryeventalbum",
    "pk": 28,
    "fields": {
      "event": 3,
      "image": "moments_gallery/event/images/Rectangle_71_1.jpg"
    }
  },
  {
    "model": "resources.galleryeventalbum",
    "pk": 29,
    "fields": {
      "event": 3,
      "image": "moments_gallery/event/images/Rectangle_72_1.jpg"
    }
  },
  {
    "model": "resources.galleryeventalbum",
    "pk": 30,
    "fields": {
      "event": 3,
      "image": "moments_gallery/event/images/Rectangle_73_1.jpg"
    }
  },
  {
    "model": "resources.galleryeventalbum",
    "pk": 31,
    "fields": {
      "event": 4,
      "image": "moments_gallery/event/images/Rectangle_70.jpg"
    }
  },
  {
    "model": "resources.galleryeventalbum",
    "pk": 32,
    "fields": {
      "event": 4,
      "image": "moments_gallery/event/images/Rectangle_71.jpg"
    }
  },
  {
    "model": "resources.galleryeventalbum",
    "pk": 33,
    "fields": {
      "event": 4,
      "image": "moments_gallery/event/images/Rectangle_72.jpg"
    }
  },
  {
    "model": "resources.galleryeventalbum",
    "pk": 34,
    "fields": {
      "event": 4,
      "image": "moments_gallery/event/images/Rectangle_73.jpg"
    }
  },
  {
    "model": "resources.galleryeventalbum",
    "pk": 35,
    "fields": {
      "event": 4,
      "image": "moments_gallery/event/images/Rectangle_70_1.jpg"
    }
  },
  {
    "model": "resources.galleryeventalbum",
    "pk": 36,
    "fields": {
      "event": 4,
      "image": "moments_gallery/event/images/Rectangle_71_1.jpg"
    }
  },
  {
    "model": "resources.galleryeventalbum",
    "pk": 37,
    "fields": {
      "event": 4,
      "image": "moments_gallery/event/images/Rectangle_72_1.jpg"
    }
  },
  {
    "model": "resources.galleryeventalbum",
    "pk": 38,
    "fields": {
      "event": 4,
      "image": "moments_gallery/event/images/Rectangle_73_1.jpg"
    }
  },
  {
    "model": "resources.galleryeventalbum",
    "pk": 39,
    "fields": {
      "event": 5,
      "image": "moments_gallery/event/images/Rectangle_70.jpg"
    }
  },
  {
    "model": "resources.galleryeventalbum",
    "pk": 40,
    "fields": {
      "event": 5,
      "image": "moments_gallery/event/images/Rectangle_71.jpg"
    }
  },
  {
    "model": "resources.galleryeventalbum",
    "pk": 41,
    "fields": {
      "event": 5,
      "image": "moments_gallery/event/images/Rectangle_72.jpg"
    }
  },
  {
    "model": "resources.galleryeventalbum",
    "pk": 42,
    "fields": {
      "event": 5,
      "image": "moments_gallery/event/images/Rectangle_73.jpg"
    }
  },
  {
    "model": "resources.galleryeventalbum",
    "pk": 43,
    "fields": {
      "event": 5,
      "image": "moments_gallery/event/images/Rectangle_70_1.jpg"
    }
  },
  {
    "model": "resources.galleryeventalbum",
    "pk": 44,
    "fields": {
      "event": 5,
      "image": "moments_gallery/event/images/Rectangle_71_1.jpg"
    }
  },
  {
    "model": "resources.galleryeventalbum",
    "pk": 45,
    "fields": {
      "event": 5,
      "image": "moments_gallery/event/images/Rectangle_72_1.jpg"
    }
  },
  {
    "model": "resources.galleryeventalbum",
    "pk": 46,
    "fields": {
      "event": 5,
      "image": "moments_gallery/event/images/Rectangle_73_1.jpg"
    }
  },
  {
    "model": "resources.galleryeventalbum",
    "pk": 47,
    "fields": {
      "event": 6,
      "image": "moments_gallery/event/images/Rectangle_70.jpg"
    }
  },
  {
    "model": "resources.galleryeventalbum",
    "pk": 48,
    "fields": {
      "event": 6,
      "image": "moments_gallery/event/images/Rectangle_71.jpg"
    }
  },
  {
    "model": "resources.galleryeventalbum",
    "pk": 49,
    "fields": {
      "event": 6,
      "image": "moments_gallery/event/images/Rectangle_72.jpg"
    }
  },
  {
    "model": "resources.galleryeventalbum",
    "pk": 50,
    "fields": {
      "event": 6,
      "image": "moments_gallery/event/images/Rectangle_73.jpg"
    }
  },
  {
    "model": "resources.galleryeventalbum",
    "pk": 51,
    "fields": {
      "event": 6,
      "image": "moments_gallery/event/images/Rectangle_70_1.jpg"
    }
  },
  {
    "model": "resources.galleryeventalbum",
    "pk": 52,
    "fields": {
      "event": 6,
      "image": "moments_gallery/event/images/Rectangle_71_1.jpg"
    }
  },
  {
    "model": "resources.galleryeventalbum",
    "pk": 53,
    "fields": {
      "event": 6,
      "image": "moments_gallery/event/images/Rectangle_72_1.jpg"
    }
  },
  {
    "model": "resources.galleryeventalbum",
    "pk": 54,
    "fields": {
      "event": 6,
      "image": "moments_gallery/event/images/Rectangle_73_1.jpg"
    }
  },
  {
    "model": "resources.galleryeventalbum",
    "pk": 55,
    "fields": {
      "event": 7,
      "image": "moments_gallery/event/images/Rectangle_70.jpg"
    }
  },
  {
    "model": "resources.galleryeventalbum",
    "pk": 56,
    "fields": {
      "event": 7,
      "image": "moments_gallery/event/images/Rectangle_71.jpg"
    }
  },
  {
    "model": "resources.galleryeventalbum",
    "pk": 57,
    "fields": {
      "event": 7,
      "image": "moments_gallery/event/images/Rectangle_72.jpg"
    }
  },
  {
    "model": "resources.galleryeventalbum",
    "pk": 58,
    "fields": {
      "event": 7,
      "image": "moments_gallery/event/images/Rectangle_73.jpg"
    }
  },
  {
    "model": "resources.galleryeventalbum",
    "pk": 59,
    "fields": {
      "event": 7,
      "image": "moments_gallery/event/images/Rectangle_70_1.jpg"
    }
  },
  {
    "model": "resources.galleryeventalbum",
    "pk": 60,
    "fields": {
      "event": 7,
      "image": "moments_gallery/event/images/Rectangle_71_1.jpg"
    }
  },
  {
    "model": "resources.galleryeventalbum",
    "pk": 61,
    "fields": {
      "event": 7,
      "image": "moments_gallery/event/images/Rectangle_72_1.jpg"
    }
  },
  {
    "model": "resources.galleryeventalbum",
    "pk": 62,
    "fields": {
      "event": 7,
      "image": "moments_gallery/event/images/Rectangle_73_1.jpg"
    }
  },
  {
    "model": "resources.galleryeventalbum",
    "pk": 63,
    "fields": {
      "event": 8,
      "image": "moments_gallery/event/images/Rectangle_70.jpg"
    }
  },
  {
    "model": "resources.galleryeventalbum",
    "pk": 64,
    "fields": {
      "event": 8,
      "image": "moments_gallery/event/images/Rectangle_71.jpg"
    }
  },
  {
    "model": "resources.galleryeventalbum",
    "pk": 65,
    "fields": {
      "event": 8,
      "image": "moments_gallery/event/images/Rectangle_72.jpg"
    }
  },
  {
    "model": "resources.galleryeventalbum",
    "pk": 66,
    "fields": {
      "event": 8,
      "image": "moments_gallery/event/images/Rectangle_73.jpg"
    }
  },
  {
    "model": "resources.galleryeventalbum",
    "pk": 67,
    "fields": {
      "event": 8,
      "image": "moments_gallery/event/images/Rectangle_70_1.jpg"
    }
  },
  {
    "model": "resources.galleryeventalbum",
    "pk": 68,
    "fields": {
      "event": 8,
      "image": "moments_gallery/event/images/Rectangle_71_1.jpg"
    }
  },
  {
    "model": "resources.galleryeventalbum",
    "pk": 69,
    "fields": {
      "event": 8,
      "image": "moments_gallery/event/images/Rectangle_72_1.jpg"
    }
  },
  {
    "model": "resources.galleryeventalbum",
    "pk": 70,
    "fields": {
      "event": 8,
      "image": "moments_gallery/event/images/Rectangle_73_1.jpg"
    }
  },
  {
    "model": "resources.galleryeventalbum",
    "pk": 71,
    "fields": {
      "event": 9,
      "image": "moments_gallery/event/images/Rectangle_70.jpg"
    }
  },
  {
    "model": "resources.galleryeventalbum",
    "pk": 72,
    "fields": {
      "event": 9,
      "image": "moments_gallery/event/images/Rectangle_71.jpg"
    }
  },
  {
    "model": "resources.galleryeventalbum",
    "pk": 73,
    "fields": {
      "event": 9,
      "image": "moments_gallery/event/images/Rectangle_72.jpg"
    }
  },
  {
    "model": "resources.galleryeventalbum",
    "pk": 74,
    "fields": {
      "event": 9,
      "image": "moments_gallery/event/images/Rectangle_73.jpg"
    }
  },
  {
    "model": "resources.galleryeventalbum",
    "pk": 75,
    "fields": {
      "event": 9,
      "image": "moments_gallery/event/images/Rectangle_70_1.jpg"
    }
  },
  {
    "model": "resources.galleryeventalbum",
    "pk": 76,
    "fields": {
      "event": 9,
      "image": "moments_gallery/event/images/Rectangle_71_1.jpg"
    }
  },
  {
    "model": "resources.galleryeventalbum",
    "pk": 77,
    "fields": {
      "event": 9,
      "image": "moments_gallery/event/images/Rectangle_72_1.jpg"
    }
  },
  {
    "model": "resources.galleryeventalbum",
    "pk": 78,
    "fields": {
      "event": 9,
      "image": "moments_gallery/event/images/Rectangle_73_1.jpg"
    }
  },
  {
    "model": "resources.galleryeventalbum",
    "pk": 79,
    "fields": {
      "event": 10,
      "image": "moments_gallery/event/images/Rectangle_70.jpg"
    }
  },
  {
    "model": "resources.galleryeventalbum",
    "pk": 80,
    "fields": {
      "event": 10,
      "image": "moments_gallery/event/images/Rectangle_71.jpg"
    }
  },
  {
    "model": "resources.galleryeventalbum",
    "pk": 81,
    "fields": {
      "event": 10,
      "image": "moments_gallery/event/images/Rectangle_72.jpg"
    }
  },
  {
    "model": "resources.galleryeventalbum",
    "pk": 82,
    "fields": {
      "event": 10,
      "image": "moments_gallery/event/images/Rectangle_73.jpg"
    }
  },
  {
    "model": "resources.galleryeventalbum",
    "pk": 83,
    "fields": {
      "event": 10,
      "image": "moments_gallery/event/images/Rectangle_70_1.jpg"
    }
  },
  {
    "model": "resources.galleryeventalbum",
    "pk": 84,
    "fields": {
      "event": 10,
      "image": "moments_gallery/event/images/Rectangle_71_1.jpg"
    }
  },
  {
    "model": "resources.galleryeventalbum",
    "pk": 85,
    "fields": {
      "event": 10,
      "image": "moments_gallery/event/images/Rectangle_72_1.jpg"
    }
  },
  {
    "model": "resources.galleryeventalbum",
    "pk": 86,
    "fields": {
      "event": 10,
      "image": "moments_gallery/event/images/Rectangle_73_1.jpg"
    }
  },
  {
    "model": "resources.galleryeventalbum",
    "pk": 87,
    "fields": {
      "event": 11,
      "image": "moments_gallery/event/images/Rectangle_70.jpg"
    }
  },
  {
    "model": "resources.galleryeventalbum",
    "pk": 88,
    "fields": {
      "event": 11,
      "image": "moments_gallery/event/images/Rectangle_71.jpg"
    }
  },
  {
    "model": "resources.galleryeventalbum",
    "pk": 89,
    "fields": {
      "event": 11,
      "image": "moments_gallery/event/images/Rectangle_72.jpg"
    }
  },
  {
    "model": "resources.galleryeventalbum",
    "pk": 90,
    "fields": {
      "event": 11,
      "image": "moments_gallery/event/images/Rectangle_73.jpg"
    }
  },
  {
    "model": "resources.galleryeventalbum",
    "pk": 91,
    "fields": {
      "event": 11,
      "image": "moments_gallery/event/images/Rectangle_70_1.jpg"
    }
  },
  {
    "model": "resources.galleryeventalbum",
    "pk": 92,
    "fields": {
      "event": 11,
      "image": "moments_gallery/event/images/Rectangle_71_1.jpg"
    }
  },
  {
    "model": "resources.galleryeventalbum",
    "pk": 93,
    "fields": {
      "event": 11,
      "image": "moments_gallery/event/images/Rectangle_72_1.jpg"
    }
  },
  {
    "model": "resources.galleryeventalbum",
    "pk": 94,
    "fields": {
      "event": 11,
      "image": "moments_gallery/event/images/Rectangle_73_1.jpg"
    }
  },
  {
    "model": "resources.facilityadministrative",
    "pk": 1,
    "fields": {
      "title": "Offices and facilities supporting institutional management",
      "highlight_title": "supporting",
      "sub_title": "The following rooms are available at Jamia Nadawiyya Training College and are equipped with the required infrastructure."
    }
  },
  {
    "model": "resources.facilityadministrativegallery",
    "pk": 1,
    "fields": {
      "administrative": 1,
      "image": "facility/administrative/images/Rectangle_57.png"
    }
  },
  {
    "model": "resources.facilityadministrativegallery",
    "pk": 2,
    "fields": {
      "administrative": 1,
      "image": "facility/administrative/images/Rectangle_57.jpg"
    }
  },
  {
    "model": "resources.facilityadministrativegallery",
    "pk": 3,
    "fields": {
      "administrative": 1,
      "image": "facility/administrative/images/Rectangle_57_7PFxh8g.png"
    }
  },
  {
    "model": "resources.facilityhalltitle",
    "pk": 1,
    "fields": {
      "title": "Facilities for academic instruction",
      "highlight_title": "academic instruction"
    }
  },
  {
    "model": "resources.facilityhall",
    "pk": 1,
    "fields": {
      "hall": 1,
      "title": "Lecture halls",
      "sub_title": null,
      "description": "we have subject specific teaching rooms for each optional subjects, which are also have the required furniture and all these rooms are",
      "date": "2023-05-08",
      "is_deleted": false
    }
  },
  {
    "model": "resources.facilityhall",
    "pk": 2,
    "fields": {
      "hall": 1,
      "title": "Multipurpose hall",
      "sub_title": null,
      "description": "As per NCTE norms , we have a separate , very large multi purpose hall , which can accommodate more than 300 students at a time.",
      "date": "2023-05-08",
      "is_deleted": false
    }
  },
  {
    "model": "resources.facilityhall",
    "pk": 3,
    "fields": {
      "hall": 1,
      "title": "Seminar hall",
      "sub_title": null,
      "description": "Asper NCTE norms , we have four General Halls with required space and infrastructural facilities. All these halls are digitalized with public",
      "date": "2023-05-08",
      "is_deleted": false
    }
  },
  {
    "model": "resources.facilityhallgallery",
    "pk": 1,
    "fields": { "hall": 1, "image": "facility/hall/images/Rectangle_33_3.jpg" }
  },
  {
    "model": "resources.facilityhallgallery",
    "pk": 2,
    "fields": { "hall": 1, "image": "facility/hall/images/Rectangle_33_4.jpg" }
  },
  {
    "model": "resources.facilityhallgallery",
    "pk": 3,
    "fields": { "hall": 1, "image": "facility/hall/images/Rectangle_33_5.jpg" }
  },
  {
    "model": "resources.facilityhallgallery",
    "pk": 4,
    "fields": {
      "hall": 2,
      "image": "facility/hall/images/Rectangle_33_4_6we785k.jpg"
    }
  },
  {
    "model": "resources.facilityhallgallery",
    "pk": 5,
    "fields": {
      "hall": 2,
      "image": "facility/hall/images/Rectangle_33_3_5eRohkm.jpg"
    }
  },
  {
    "model": "resources.facilityhallgallery",
    "pk": 6,
    "fields": {
      "hall": 2,
      "image": "facility/hall/images/Rectangle_33_5_80TkwEE.jpg"
    }
  },
  {
    "model": "resources.facilityhallgallery",
    "pk": 7,
    "fields": {
      "hall": 3,
      "image": "facility/hall/images/Rectangle_33_3_fec5YXY.jpg"
    }
  },
  {
    "model": "resources.facilityhallgallery",
    "pk": 8,
    "fields": {
      "hall": 3,
      "image": "facility/hall/images/Rectangle_33_5_lklv0Nd.jpg"
    }
  },
  {
    "model": "resources.facilityhallgallery",
    "pk": 9,
    "fields": {
      "hall": 3,
      "image": "facility/hall/images/Rectangle_33_4_JTO7jYv.jpg"
    }
  },
  {
    "model": "resources.facilitylibrary",
    "pk": 1,
    "fields": {
      "title": "The college library: resources and services",
      "highlight_title": "library",
      "sub_title": null,
      "description": "Our library is stocked with the necessary quantity of books, journals, reference books, magazines, and news publications. 7530 books, 10 journals, and magazines are available. The use of different encyclopedia is also permitted. Soon, it will be automated after being digitalized. The reading room can hold more than forty students.",
      "image": "facility/library/image/Rectangle_53.jpg"
    }
  },
  {
    "model": "resources.facilitylabtitle",
    "pk": 2,
    "fields": {
      "title": "College laboratories and research facilities",
      "highlight_title": "laboratories research facilities"
    }
  },
  {
    "model": "resources.facilitylab",
    "pk": 1,
    "fields": {
      "lab": 2,
      "title": "Science Lab",
      "sub_title": null,
      "description": "We have a separate , general science lab , which can be utilized for both physical science and natural science lab related activities",
      "image": "facility/lab/images/Rectangle_33.jpg",
      "is_deleted": false
    }
  },
  {
    "model": "resources.facilitylab",
    "pk": 2,
    "fields": {
      "lab": 2,
      "title": "Psychology lab",
      "sub_title": null,
      "description": "It is with many tools for measuring different personal abilities like intelligenct , memory , attitude , aptitude , job satisfaction etc.",
      "image": "facility/lab/images/Rectangle_33_1.jpg",
      "is_deleted": false
    }
  },
  {
    "model": "resources.facilitylab",
    "pk": 3,
    "fields": {
      "lab": 2,
      "title": "Art & Music room",
      "sub_title": null,
      "description": "A separate room is attached with JNTC for conducting art and music related activities . It is equipped with Harmonium",
      "image": "facility/lab/images/Rectangle_33_2.jpg",
      "is_deleted": false
    }
  },
  {
    "model": "resources.facilitylab",
    "pk": 4,
    "fields": {
      "lab": 2,
      "title": "Science Lab",
      "sub_title": null,
      "description": "We have a separate , general science lab , which can be utilized for both physical science and natural science lab related activities",
      "image": "facility/lab/images/Rectangle_33.jpg",
      "is_deleted": false
    }
  },
  {
    "model": "resources.facilitylab",
    "pk": 5,
    "fields": {
      "lab": 2,
      "title": "Psychology lab",
      "sub_title": null,
      "description": "It is with many tools for measuring different personal abilities like intelligenct , memory , attitude , aptitude , job satisfaction etc.",
      "image": "facility/lab/images/Rectangle_33_1.jpg",
      "is_deleted": false
    }
  },
  {
    "model": "resources.facilitylab",
    "pk": 6,
    "fields": {
      "lab": 2,
      "title": "Art & Music room",
      "sub_title": null,
      "description": "A separate room is attached with JNTC for conducting art and music related activities . It is equipped with Harmonium",
      "image": "facility/lab/images/Rectangle_33_2.jpg",
      "is_deleted": false
    }
  },
  {
    "model": "resources.facilityinternship",
    "pk": 1,
    "fields": {
      "title": "Hands-On learning at JNTC: Internship facilities",
      "description": "JNTC provides practical learning through internship programs, empowering students for real-world challenges and enhancing their employability for professional success.",
      "is_deleted": false
    }
  },
  {
    "model": "resources.facilityinternshipgallery",
    "pk": 1,
    "fields": {
      "internship": 1,
      "image": "facility/internship/images/Rectangle_53.jpg"
    }
  },
  {
    "model": "resources.facilityinternshipgallery",
    "pk": 2,
    "fields": {
      "internship": 1,
      "image": "facility/internship/images/Rectangle_53_1.jpg"
    }
  },
  {
    "model": "resources.facilityinternshipgallery",
    "pk": 3,
    "fields": {
      "internship": 1,
      "image": "facility/internship/images/Rectangle_53_2.jpg"
    }
  },
  {
    "model": "resources.facilityhotelservice",
    "pk": 1,
    "fields": {
      "title": "Accommodation facilities for students",
      "highlight_title": "Accommodation",
      "description": "Separate hostels for men and women are available in Jamia campus, in which we can accommodate all needy students . These are general hostels in the campus , where other students are also occupied . But we used to provide separate block for BEd and DEl.Ed students.",
      "image": "facility/hotel_service/image/Rectangle_26.jpg"
    }
  },
  {
    "model": "resources.facilitycollegeground",
    "pk": 1,
    "fields": {
      "title": "For physical and recreational development",
      "highlight_title": "development",
      "description": "Our play ground in just in front of our campus , which is very large and can be used for both sports and other athletic activities . It is being used by other institutions in the campus for conducting annual athletic and sports meets.",
      "image": "facility/college_ground/image/Rectangle_26_1.jpg"
    }
  },
  {
    "model": "student_zone.bedresultstatusbatch",
    "pk": 1,
    "fields": { "batch": "2021-2023", "is_deleted": false }
  },
  {
    "model": "student_zone.bedresultstatusbatch",
    "pk": 2,
    "fields": { "batch": "2021-2023", "is_deleted": false }
  },
  {
    "model": "student_zone.bedresultstatusbatch",
    "pk": 3,
    "fields": { "batch": "2019-2021", "is_deleted": false }
  },
  {
    "model": "student_zone.bedresultstatusbatchyear",
    "pk": 1,
    "fields": {
      "batch": 1,
      "year": "1st Year",
      "file": "academic/academic_calender/files/Banner.jpg"
    }
  },
  {
    "model": "student_zone.bedresultstatusbatchyear",
    "pk": 2,
    "fields": {
      "batch": 1,
      "year": "2st Year",
      "file": "academic/academic_calender/files/Banner.jpg"
    }
  },
  {
    "model": "student_zone.bedresultstatusbatchyear",
    "pk": 3,
    "fields": {
      "batch": 2,
      "year": "1st Year",
      "file": "academic/academic_calender/files/Banner.jpg"
    }
  },
  {
    "model": "student_zone.bedresultstatusbatchyear",
    "pk": 4,
    "fields": {
      "batch": 2,
      "year": "2st Year",
      "file": "academic/academic_calender/files/Banner.jpg"
    }
  },
  {
    "model": "student_zone.bedresultstatusbatchyear",
    "pk": 5,
    "fields": {
      "batch": 3,
      "year": "1st Year",
      "file": "academic/academic_calender/files/Banner.jpg"
    }
  },
  {
    "model": "student_zone.bedresultstatusbatchyear",
    "pk": 6,
    "fields": {
      "batch": 3,
      "year": "2st Year",
      "file": "academic/academic_calender/files/Banner.jpg"
    }
  },
  {
    "model": "student_zone.bedresultstatusbatchsemester",
    "pk": 1,
    "fields": {
      "batch": 1,
      "semester": "1st Semester",
      "file": "academic/academic_calender/files/Banner.jpg"
    }
  },
  {
    "model": "student_zone.bedresultstatusbatchsemester",
    "pk": 2,
    "fields": {
      "batch": 1,
      "semester": "2st Semester",
      "file": "academic/academic_calender/files/Banner.jpg"
    }
  },
  {
    "model": "student_zone.bedresultstatusbatchsemester",
    "pk": 3,
    "fields": {
      "batch": 1,
      "semester": "3st Semester",
      "file": "academic/academic_calender/files/Banner.jpg"
    }
  },
  {
    "model": "student_zone.bedresultstatusbatchsemester",
    "pk": 4,
    "fields": {
      "batch": 1,
      "semester": "4st Semester",
      "file": "academic/academic_calender/files/Banner.jpg"
    }
  },
  {
    "model": "student_zone.bedresultstatusbatchsemester",
    "pk": 5,
    "fields": {
      "batch": 2,
      "semester": "1st Semester",
      "file": "academic/academic_calender/files/Banner.jpg"
    }
  },
  {
    "model": "student_zone.bedresultstatusbatchsemester",
    "pk": 6,
    "fields": {
      "batch": 2,
      "semester": "2st Semester",
      "file": "academic/academic_calender/files/Banner.jpg"
    }
  },
  {
    "model": "student_zone.bedresultstatusbatchsemester",
    "pk": 7,
    "fields": {
      "batch": 2,
      "semester": "3st Semester",
      "file": "academic/academic_calender/files/Banner.jpg"
    }
  },
  {
    "model": "student_zone.bedresultstatusbatchsemester",
    "pk": 8,
    "fields": {
      "batch": 2,
      "semester": "4st Semester",
      "file": "academic/academic_calender/files/Banner.jpg"
    }
  },
  {
    "model": "student_zone.bedresultstatusbatchsemester",
    "pk": 9,
    "fields": {
      "batch": 3,
      "semester": "1st Semester",
      "file": "academic/academic_calender/files/Banner.jpg"
    }
  },
  {
    "model": "student_zone.bedresultstatusbatchsemester",
    "pk": 10,
    "fields": {
      "batch": 3,
      "semester": "2st Semester",
      "file": "academic/academic_calender/files/Banner.jpg"
    }
  },
  {
    "model": "student_zone.downloadspotlight",
    "pk": 1,
    "fields": {
      "title": "Downloads",
      "sub_title": "JNTC Alumni Association: Connecting Past, Present, and Future",
      "image": "student_zone/downloads/image/Banner.jpg"
    }
  },
  {
    "model": "student_zone.downloadfile",
    "pk": 1,
    "fields": {
      "name": "Networking events",
      "image": "student_zone/downloads/files/images/download2.png",
      "file": "academic/academic_calender/files/Banner.jpg",
      "date": "2023-06-20"
    }
  },
  {
    "model": "student_zone.downloadfile",
    "pk": 2,
    "fields": {
      "name": "Networking events",
      "image": "student_zone/downloads/files/images/download2.png",
      "file": "academic/academic_calender/files/Banner.jpg",
      "date": "2023-06-20"
    }
  },
  {
    "model": "student_zone.downloadfile",
    "pk": 3,
    "fields": {
      "name": "Networking events",
      "image": "student_zone/downloads/files/images/download2.png",
      "file": "academic/academic_calender/files/Banner.jpg",
      "date": "2023-06-20"
    }
  },
  {
    "model": "student_zone.downloadfile",
    "pk": 4,
    "fields": {
      "name": "Networking events",
      "image": "student_zone/downloads/files/images/download2.png",
      "file": "academic/academic_calender/files/Banner.jpg",
      "date": "2023-06-20"
    }
  },
  {
    "model": "student_zone.downloadfile",
    "pk": 5,
    "fields": {
      "name": "Networking events",
      "image": "student_zone/downloads/files/images/download2.png",
      "file": "academic/academic_calender/files/Banner.jpg",
      "date": "2023-06-20"
    }
  },
  {
    "model": "student_zone.downloadfile",
    "pk": 6,
    "fields": {
      "name": "Networking events",
      "image": "student_zone/downloads/files/images/download2.png",
      "file": "academic/academic_calender/files/Banner.jpg",
      "date": "2023-06-20"
    }
  },
  {
    "model": "student_zone.downloadfile",
    "pk": 7,
    "fields": {
      "name": "Networking events",
      "image": "student_zone/downloads/files/images/download2.png",
      "file": "academic/academic_calender/files/Banner.jpg",
      "date": "2023-06-20"
    }
  },
  {
    "model": "student_zone.downloadfile",
    "pk": 8,
    "fields": {
      "name": "Networking events",
      "image": "student_zone/downloads/files/images/download2.png",
      "file": "academic/academic_calender/files/Banner.jpg",
      "date": "2023-06-20"
    }
  },
  {
    "model": "student_zone.downloadfile",
    "pk": 9,
    "fields": {
      "name": "Networking events",
      "image": "student_zone/downloads/files/images/download2.png",
      "file": "academic/academic_calender/files/Banner.jpg",
      "date": "2023-06-20"
    }
  },
  {
    "model": "student_zone.downloadfile",
    "pk": 10,
    "fields": {
      "name": "Networking events",
      "image": "student_zone/downloads/files/images/download2.png",
      "file": "academic/academic_calender/files/Banner.jpg",
      "date": "2023-06-20"
    }
  },
  {
    "model": "student_zone.downloadfile",
    "pk": 11,
    "fields": {
      "name": "Networking events",
      "image": "student_zone/downloads/files/images/download2.png",
      "file": "academic/academic_calender/files/Banner.jpg",
      "date": "2023-06-20"
    }
  },
  {
    "model": "student_zone.downloadfile",
    "pk": 12,
    "fields": {
      "name": "Networking events",
      "image": "student_zone/downloads/files/images/download2.png",
      "file": "academic/academic_calender/files/Banner.jpg",
      "date": "2023-06-20"
    }
  },
  {
    "model": "student_zone.downloadfile",
    "pk": 13,
    "fields": {
      "name": "Networking events",
      "image": "student_zone/downloads/files/images/download2.png",
      "file": "academic/academic_calender/files/Banner.jpg",
      "date": "2023-06-20"
    }
  },
  {
    "model": "student_zone.downloadfile",
    "pk": 14,
    "fields": {
      "name": "Networking events",
      "image": "student_zone/downloads/files/images/download2.png",
      "file": "academic/academic_calender/files/Banner.jpg",
      "date": "2023-06-20"
    }
  },
  {
    "model": "student_zone.downloadfile",
    "pk": 15,
    "fields": {
      "name": "Networking events",
      "image": "student_zone/downloads/files/images/download2.png",
      "file": "academic/academic_calender/files/Banner.jpg",
      "date": "2023-06-20"
    }
  },
  {
    "model": "student_zone.downloadfile",
    "pk": 16,
    "fields": {
      "name": "Networking events",
      "image": "student_zone/downloads/files/images/download2.png",
      "file": "academic/academic_calender/files/Banner.jpg",
      "date": "2023-06-20"
    }
  },
  {
    "model": "student_zone.downloadfile",
    "pk": 17,
    "fields": {
      "name": "Networking events",
      "image": "student_zone/downloads/files/images/download2.png",
      "file": "academic/academic_calender/files/Banner.jpg",
      "date": "2023-06-20"
    }
  },
  {
    "model": "student_zone.downloadfile",
    "pk": 18,
    "fields": {
      "name": "Networking events",
      "image": "student_zone/downloads/files/images/download2.png",
      "file": "academic/academic_calender/files/Banner.jpg",
      "date": "2023-06-20"
    }
  },
  {
    "model": "student_zone.downloadfile",
    "pk": 19,
    "fields": {
      "name": "Networking events",
      "image": "student_zone/downloads/files/images/download2.png",
      "file": "academic/academic_calender/files/Banner.jpg",
      "date": "2023-06-20"
    }
  },
  {
    "model": "student_zone.downloadfile",
    "pk": 20,
    "fields": {
      "name": "Networking events",
      "image": "student_zone/downloads/files/images/download2.png",
      "file": "academic/academic_calender/files/Banner.jpg",
      "date": "2023-06-20"
    }
  },
  {
    "model": "student_zone.downloadfile",
    "pk": 21,
    "fields": {
      "name": "Networking events",
      "image": "student_zone/downloads/files/images/download2.png",
      "file": "academic/academic_calender/files/Banner.jpg",
      "date": "2023-06-20"
    }
  },
  {
    "model": "student_zone.downloadfile",
    "pk": 22,
    "fields": {
      "name": "Networking events",
      "image": "student_zone/downloads/files/images/download2.png",
      "file": "academic/academic_calender/files/Banner.jpg",
      "date": "2023-06-20"
    }
  },
  {
    "model": "student_zone.downloadfile",
    "pk": 23,
    "fields": {
      "name": "Networking events",
      "image": "student_zone/downloads/files/images/download2.png",
      "file": "academic/academic_calender/files/Banner.jpg",
      "date": "2023-06-20"
    }
  },
  {
    "model": "student_zone.downloadfile",
    "pk": 24,
    "fields": {
      "name": "Networking events",
      "image": "student_zone/downloads/files/images/download2.png",
      "file": "academic/academic_calender/files/Banner.jpg",
      "date": "2023-06-20"
    }
  },
  {
    "model": "student_zone.downloadfile",
    "pk": 25,
    "fields": {
      "name": "Networking events",
      "image": "student_zone/downloads/files/images/download2.png",
      "file": "academic/academic_calender/files/Banner.jpg",
      "date": "2023-06-20"
    }
  },
  {
    "model": "student_zone.downloadfile",
    "pk": 26,
    "fields": {
      "name": "Networking events",
      "image": "student_zone/downloads/files/images/download2.png",
      "file": "academic/academic_calender/files/Banner.jpg",
      "date": "2023-06-20"
    }
  },
  {
    "model": "student_zone.downloadfile",
    "pk": 27,
    "fields": {
      "name": "Networking events",
      "image": "student_zone/downloads/files/images/download2.png",
      "file": "academic/academic_calender/files/Banner.jpg",
      "date": "2023-06-20"
    }
  },
  {
    "model": "student_zone.downloadfile",
    "pk": 28,
    "fields": {
      "name": "Networking events",
      "image": "student_zone/downloads/files/images/download2.png",
      "file": "academic/academic_calender/files/Banner.jpg",
      "date": "2023-06-20"
    }
  },
  {
    "model": "student_zone.downloadfile",
    "pk": 29,
    "fields": {
      "name": "Networking events",
      "image": "student_zone/downloads/files/images/download2.png",
      "file": "academic/academic_calender/files/Banner.jpg",
      "date": "2023-06-20"
    }
  },
  {
    "model": "student_zone.downloadfile",
    "pk": 30,
    "fields": {
      "name": "Networking events",
      "image": "student_zone/downloads/files/images/download2.png",
      "file": "academic/academic_calender/files/Banner.jpg",
      "date": "2023-06-20"
    }
  },
  {
    "model": "student_zone.downloadfile",
    "pk": 31,
    "fields": {
      "name": "Networking events",
      "image": "student_zone/downloads/files/images/download2.png",
      "file": "academic/academic_calender/files/Banner.jpg",
      "date": "2023-06-20"
    }
  },
  {
    "model": "student_zone.downloadfile",
    "pk": 32,
    "fields": {
      "name": "Networking events",
      "image": "student_zone/downloads/files/images/download2.png",
      "file": "academic/academic_calender/files/Banner.jpg",
      "date": "2023-06-20"
    }
  },
  {
    "model": "student_zone.downloadfile",
    "pk": 33,
    "fields": {
      "name": "Networking events",
      "image": "student_zone/downloads/files/images/download2.png",
      "file": "academic/academic_calender/files/Banner.jpg",
      "date": "2023-06-20"
    }
  },
  {
    "model": "student_zone.downloadfile",
    "pk": 34,
    "fields": {
      "name": "Networking events",
      "image": "student_zone/downloads/files/images/download2.png",
      "file": "academic/academic_calender/files/Banner.jpg",
      "date": "2023-06-20"
    }
  },
  {
    "model": "student_zone.downloadfile",
    "pk": 35,
    "fields": {
      "name": "Networking events",
      "image": "student_zone/downloads/files/images/download2.png",
      "file": "academic/academic_calender/files/Banner.jpg",
      "date": "2023-06-20"
    }
  },
  {
    "model": "student_zone.downloadfile",
    "pk": 36,
    "fields": {
      "name": "Networking events",
      "image": "student_zone/downloads/files/images/download2.png",
      "file": "student_zone/downloads/files/invoice-1.pdf",
      "date": "2023-06-20"
    }
  },
  {
    "model": "student_zone.magazinefile",
    "pk": 1,
    "fields": {
      "name": "Womans Day",
      "image": "student_zone/magazines/files/images/image_5_ojIWOTo.png",
      "file": "academic/academic_calender/files/Banner.jpg",
      "date": "2023-06-29"
    }
  },
  {
    "model": "student_zone.magazinefile",
    "pk": 47,
    "fields": {
      "name": "Womans Day",
      "image": "student_zone/magazines/files/images/image_5.png",
      "file": "academic/academic_calender/files/Banner.jpg",
      "date": "2023-07-06"
    }
  },
  {
    "model": "student_zone.magazinefile",
    "pk": 48,
    "fields": {
      "name": "Womans Day",
      "image": "student_zone/magazines/files/images/image_5.png",
      "file": "academic/academic_calender/files/Banner.jpg",
      "date": "2023-07-06"
    }
  },
  {
    "model": "student_zone.magazinefile",
    "pk": 49,
    "fields": {
      "name": "Womans Day",
      "image": "student_zone/magazines/files/images/image_5.png",
      "file": "academic/academic_calender/files/Banner.jpg",
      "date": "2023-07-06"
    }
  },
  {
    "model": "student_zone.magazinefile",
    "pk": 50,
    "fields": {
      "name": "Womans Day",
      "image": "student_zone/magazines/files/images/image_5.png",
      "file": "academic/academic_calender/files/Banner.jpg",
      "date": "2023-07-06"
    }
  },
  {
    "model": "student_zone.magazinefile",
    "pk": 51,
    "fields": {
      "name": "Womans Day",
      "image": "student_zone/magazines/files/images/image_5.png",
      "file": "academic/academic_calender/files/Banner.jpg",
      "date": "2023-07-06"
    }
  },
  {
    "model": "student_zone.magazinefile",
    "pk": 52,
    "fields": {
      "name": "Womans Day",
      "image": "student_zone/magazines/files/images/image_5.png",
      "file": "academic/academic_calender/files/Banner.jpg",
      "date": "2023-07-06"
    }
  },
  {
    "model": "student_zone.magazinefile",
    "pk": 53,
    "fields": {
      "name": "Womans Day",
      "image": "student_zone/magazines/files/images/image_5.png",
      "file": "academic/academic_calender/files/Banner.jpg",
      "date": "2023-07-06"
    }
  },
  {
    "model": "student_zone.magazinefile",
    "pk": 54,
    "fields": {
      "name": "Womans Day",
      "image": "student_zone/magazines/files/images/image_5.png",
      "file": "academic/academic_calender/files/Banner.jpg",
      "date": "2023-07-06"
    }
  },
  {
    "model": "student_zone.magazinefile",
    "pk": 55,
    "fields": {
      "name": "Womans Day",
      "image": "student_zone/magazines/files/images/image_5.png",
      "file": "academic/academic_calender/files/Banner.jpg",
      "date": "2023-07-06"
    }
  },
  {
    "model": "student_zone.magazinefile",
    "pk": 56,
    "fields": {
      "name": "Womans Day",
      "image": "student_zone/magazines/files/images/image_5.png",
      "file": "academic/academic_calender/files/Banner.jpg",
      "date": "2023-07-06"
    }
  },
  {
    "model": "student_zone.bedexaminationresult",
    "pk": "11b58a75-2e16-4710-9a7b-100379bce9e3",
    "fields": {
      "title": "First semester B Ed Arabic (2020 Admission)",
      "date": "2023-03-14"
    }
  },
  {
    "model": "student_zone.bedexaminationresult",
    "pk": "1433e79d-7bac-4e1d-a478-58aaa78c7b78",
    "fields": {
      "title": "First semester B Ed Arabic (2012 Admission)",
      "date": "2023-07-08"
    }
  },
  {
    "model": "student_zone.bedexaminationresult",
    "pk": "16a2958c-bf93-49ff-b545-583437cee342",
    "fields": {
      "title": "Third semester B Ed Natural Science (2015 Admission)",
      "date": "2022-04-05"
    }
  },
  {
    "model": "student_zone.bedexaminationresult",
    "pk": "291efea8-9434-46ce-ae59-3afd9b9814bd",
    "fields": {
      "title": "Second semester B Ed English (2019 Admission)",
      "date": "2023-02-15"
    }
  },
  {
    "model": "student_zone.bedexaminationresult",
    "pk": "33e6a670-b42a-40f3-9c16-3acb11e8bac5",
    "fields": {
      "title": "First semester B Ed Social Science (2022 Admission)",
      "date": "2023-07-18"
    }
  },
  {
    "model": "student_zone.bedexaminationresult",
    "pk": "389a979e-c728-452c-97cc-201113c6b336",
    "fields": {
      "title": "First semester B Ed English (2016 Admission)",
      "date": "2022-03-16"
    }
  },
  {
    "model": "student_zone.bedexaminationresult",
    "pk": "43b1613d-ee56-436a-85b4-ba2ca827e4c8",
    "fields": {
      "title": "Second semester B Ed English (2019 Admission)",
      "date": "2023-02-15"
    }
  },
  {
    "model": "student_zone.bedexaminationresult",
    "pk": "5b0ad030-8910-4f55-a004-26fd40b25856",
    "fields": {
      "title": "First semester B Ed Arabic (2020 Admission)",
      "date": "2020-05-13"
    }
  },
  {
    "model": "student_zone.bedexaminationresult",
    "pk": "6066e77a-60df-4776-a27c-5be39ec1c161",
    "fields": {
      "title": "First semester B Ed Natural Science (2018 Admission)",
      "date": "2023-07-01"
    }
  },
  {
    "model": "student_zone.bedexaminationresult",
    "pk": "658cedca-0d20-46c9-9e4a-460a13632211",
    "fields": {
      "title": "First semester B Ed Physical Science (2014 Admission)",
      "date": "2021-05-27"
    }
  },
  {
    "model": "student_zone.bedexaminationresult",
    "pk": "6fd9395b-0dab-4205-b2db-f182e715532e",
    "fields": {
      "title": "First semester B Ed Social Science (2022 Admission)",
      "date": "2023-07-18"
    }
  },
  {
    "model": "student_zone.bedexaminationresult",
    "pk": "73ecd2b1-4f25-4bc3-8f42-fb1fdf4404e1",
    "fields": {
      "title": "First semester B Ed Arabic (2020 Admission)",
      "date": "2020-05-13"
    }
  },
  {
    "model": "student_zone.bedexaminationresult",
    "pk": "7e772584-1cf8-4c35-965e-2eec62c07ea5",
    "fields": {
      "title": "First semester B Ed Arabic (2002 Admission)",
      "date": "2023-07-11"
    }
  },
  {
    "model": "student_zone.bedexaminationresult",
    "pk": "829e43d3-85c6-4e8d-bd5b-c3decd1a3f45",
    "fields": {
      "title": "First semester B Ed Physical Science (2014 Admission)",
      "date": "2021-05-27"
    }
  },
  {
    "model": "student_zone.bedexaminationresult",
    "pk": "9213086d-e4df-435a-8cab-5bded54413e0",
    "fields": {
      "title": "Third semester B Ed Natural Science (2015 Admission)",
      "date": "2022-04-05"
    }
  },
  {
    "model": "student_zone.bedexaminationresult",
    "pk": "a32bf1be-cb7a-467d-b7fe-b868d8a247e8",
    "fields": {
      "title": "First semester B Ed English (2016 Admission)",
      "date": "2022-03-16"
    }
  },
  {
    "model": "student_zone.bedexaminationresult",
    "pk": "a5292f6b-564f-47f3-b3fd-95f43ad78b31",
    "fields": {
      "title": "First semester B Ed Natural Science (2018 Admission)",
      "date": "2023-07-01"
    }
  },
  {
    "model": "student_zone.bedexaminationresult",
    "pk": "ae59a3cb-0517-4e11-bc88-a7ca4f7484fc",
    "fields": {
      "title": "First semester B Ed Arabic (2020 Admission)",
      "date": "2023-03-14"
    }
  },
  {
    "model": "student_zone.bedexaminationresult",
    "pk": "bee8c71a-212b-42d0-8389-61ec9d097f04",
    "fields": {
      "title": "First semester B Ed Arabic (2012 Admission)",
      "date": "2023-07-08"
    }
  },
  {
    "model": "student_zone.bedexaminationresult",
    "pk": "d81ea9e9-8f66-4f45-bba0-e98463c0ea8a",
    "fields": {
      "title": "First semester B Ed Arabic (2002 Admission)",
      "date": "2023-07-11"
    }
  },
  {
    "model": "student_zone.bedexaminationresult",
    "pk": "e201c3d0-c90f-4656-b8d8-208d3e51906a",
    "fields": { "title": "sixth kdskkd dskkdskjdskj", "date": "2023-08-10" }
  },
  {
    "model": "student_zone.bedstudent",
    "pk": "00031145-50c6-4793-b68d-e2529e7553ab",
    "fields": {
      "results": "6fd9395b-0dab-4205-b2db-f182e715532e",
      "register_number": "4922616687",
      "name": "Kristen Spencer",
      "date_of_birth": "2016-07-07",
      "file": "academic/academic_calender/files/Banner.jpg"
    }
  },
  {
    "model": "student_zone.bedstudent",
    "pk": "012ee801-b3d3-4cb2-a2ba-1f7ab502cec8",
    "fields": {
      "results": "a32bf1be-cb7a-467d-b7fe-b868d8a247e8",
      "register_number": "4922616687",
      "name": "Kristen Spencer",
      "date_of_birth": "2016-07-07",
      "file": "academic/academic_calender/files/Banner.jpg"
    }
  },
  {
    "model": "student_zone.bedstudent",
    "pk": "2787a4aa-4142-4d90-bbb9-6da4ed9d38e1",
    "fields": {
      "results": "291efea8-9434-46ce-ae59-3afd9b9814bd",
      "register_number": "4922616687",
      "name": "Kristen Spencer",
      "date_of_birth": "2016-07-07",
      "file": "academic/academic_calender/files/Banner.jpg"
    }
  },
  {
    "model": "student_zone.bedstudent",
    "pk": "3b64dcde-1750-4c27-a4ca-931b6f9fac7c",
    "fields": {
      "results": "829e43d3-85c6-4e8d-bd5b-c3decd1a3f45",
      "register_number": "4922616687",
      "name": "Kristen Spencer",
      "date_of_birth": "2016-07-07",
      "file": "academic/academic_calender/files/Banner.jpg"
    }
  },
  {
    "model": "student_zone.bedstudent",
    "pk": "4f6a8171-7133-44da-89c6-abcb9eefe4d9",
    "fields": {
      "results": "73ecd2b1-4f25-4bc3-8f42-fb1fdf4404e1",
      "register_number": "4922616687",
      "name": "Kristen Spencer",
      "date_of_birth": "2016-07-07",
      "file": "academic/academic_calender/files/Banner.jpg"
    }
  },
  {
    "model": "student_zone.bedstudent",
    "pk": "5da622cc-43f7-4f3c-8c3b-9a9cf7234eb5",
    "fields": {
      "results": "bee8c71a-212b-42d0-8389-61ec9d097f04",
      "register_number": "4922616687",
      "name": "Kristen Spencer",
      "date_of_birth": "2016-07-07",
      "file": "academic/academic_calender/files/Banner.jpg"
    }
  },
  {
    "model": "student_zone.bedstudent",
    "pk": "6b6c9430-6fdb-4c78-a014-55f5d758c181",
    "fields": {
      "results": "6066e77a-60df-4776-a27c-5be39ec1c161",
      "register_number": "4922616687",
      "name": "Kristen Spencer",
      "date_of_birth": "2016-07-07",
      "file": "academic/academic_calender/files/Banner.jpg"
    }
  },
  {
    "model": "student_zone.bedstudent",
    "pk": "6e74193a-57de-4b1f-a7a0-8248b52f40dd",
    "fields": {
      "results": "33e6a670-b42a-40f3-9c16-3acb11e8bac5",
      "register_number": "4922616687",
      "name": "Kristen Spencer",
      "date_of_birth": "2016-07-07",
      "file": "academic/academic_calender/files/Banner.jpg"
    }
  },
  {
    "model": "student_zone.bedstudent",
    "pk": "7d5cccf3-91dd-4c60-883d-06a43b2a3f5f",
    "fields": {
      "results": "a5292f6b-564f-47f3-b3fd-95f43ad78b31",
      "register_number": "4922616687",
      "name": "Kristen Spencer",
      "date_of_birth": "2016-07-07",
      "file": "academic/academic_calender/files/Banner.jpg"
    }
  },
  {
    "model": "student_zone.bedstudent",
    "pk": "8e240ca6-eb34-48ea-9a9c-782c79925d1f",
    "fields": {
      "results": "5b0ad030-8910-4f55-a004-26fd40b25856",
      "register_number": "4922616687",
      "name": "Kristen Spencer",
      "date_of_birth": "2016-07-07",
      "file": "academic/academic_calender/files/Banner.jpg"
    }
  },
  {
    "model": "student_zone.bedstudent",
    "pk": "8ec391de-497d-49eb-af2b-44508372f3c0",
    "fields": {
      "results": "33e6a670-b42a-40f3-9c16-3acb11e8bac5",
      "register_number": "1212121212",
      "name": "Abhishek Ruby",
      "date_of_birth": "2002-02-01",
      "file": "academic/academic_calender/files/Banner.jpg"
    }
  },
  {
    "model": "student_zone.bedstudent",
    "pk": "983eada3-f011-471c-942b-71496d0d7dbd",
    "fields": {
      "results": "11b58a75-2e16-4710-9a7b-100379bce9e3",
      "register_number": "4922616687",
      "name": "Kristen Spencer",
      "date_of_birth": "2016-07-07",
      "file": "academic/academic_calender/files/Banner.jpg"
    }
  },
  {
    "model": "student_zone.bedstudent",
    "pk": "9bae3b2d-cc30-46ac-9cc9-032b5f1d386e",
    "fields": {
      "results": "389a979e-c728-452c-97cc-201113c6b336",
      "register_number": "4922616687",
      "name": "Kristen Spencer",
      "date_of_birth": "2016-07-07",
      "file": "academic/academic_calender/files/Banner.jpg"
    }
  },
  {
    "model": "student_zone.bedstudent",
    "pk": "af156da1-272d-4e34-9082-8f86a4925b19",
    "fields": {
      "results": "16a2958c-bf93-49ff-b545-583437cee342",
      "register_number": "4922616687",
      "name": "Kristen Spencer",
      "date_of_birth": "2016-07-07",
      "file": "academic/academic_calender/files/Banner.jpg"
    }
  },
  {
    "model": "student_zone.bedstudent",
    "pk": "b9fc85c1-81ec-4d74-b0b4-650065a4df9c",
    "fields": {
      "results": "d81ea9e9-8f66-4f45-bba0-e98463c0ea8a",
      "register_number": "4922616687",
      "name": "Kristen Spencer",
      "date_of_birth": "2016-07-07",
      "file": "academic/academic_calender/files/Banner.jpg"
    }
  },
  {
    "model": "student_zone.bedstudent",
    "pk": "ca0bbcde-5d9c-4d25-b58f-b06f66c7e26e",
    "fields": {
      "results": "9213086d-e4df-435a-8cab-5bded54413e0",
      "register_number": "4922616687",
      "name": "Kristen Spencer",
      "date_of_birth": "2016-07-07",
      "file": "academic/academic_calender/files/Banner.jpg"
    }
  },
  {
    "model": "student_zone.bedstudent",
    "pk": "cfb55a7f-25cb-48a9-8607-42827bf72098",
    "fields": {
      "results": "7e772584-1cf8-4c35-965e-2eec62c07ea5",
      "register_number": "4922616687",
      "name": "Kristen Spencer",
      "date_of_birth": "2016-07-07",
      "file": "academic/academic_calender/files/Banner.jpg"
    }
  },
  {
    "model": "student_zone.bedstudent",
    "pk": "d75e1207-464c-4a87-a770-db19fc59ba3e",
    "fields": {
      "results": "ae59a3cb-0517-4e11-bc88-a7ca4f7484fc",
      "register_number": "4922616687",
      "name": "Kristen Spencer",
      "date_of_birth": "2016-07-07",
      "file": "academic/academic_calender/files/Banner.jpg"
    }
  },
  {
    "model": "student_zone.bedstudent",
    "pk": "dd52f6cb-a249-483d-a428-a364d0dde8b2",
    "fields": {
      "results": "e201c3d0-c90f-4656-b8d8-208d3e51906a",
      "register_number": "1234",
      "name": "sdsdds",
      "date_of_birth": "2023-07-21",
      "file": "student_zone/b_ed_students/results/files/invoice-1.pdf"
    }
  },
  {
    "model": "student_zone.bedstudent",
    "pk": "e4df4711-20b4-4e30-aed4-28ed9c51071c",
    "fields": {
      "results": "658cedca-0d20-46c9-9e4a-460a13632211",
      "register_number": "4922616687",
      "name": "Kristen Spencer",
      "date_of_birth": "2016-07-07",
      "file": "academic/academic_calender/files/Banner.jpg"
    }
  },
  {
    "model": "student_zone.bedstudent",
    "pk": "ea0ae648-fe99-42e3-b47e-3545b5390b2d",
    "fields": {
      "results": "43b1613d-ee56-436a-85b4-ba2ca827e4c8",
      "register_number": "4922616687",
      "name": "Kristen Spencer",
      "date_of_birth": "2016-07-07",
      "file": "academic/academic_calender/files/Banner.jpg"
    }
  },
  {
    "model": "student_zone.bedstudent",
    "pk": "f8cba0e7-dfb4-47a9-8225-b1d576be67e5",
    "fields": {
      "results": "1433e79d-7bac-4e1d-a478-58aaa78c7b78",
      "register_number": "4922616687",
      "name": "Kristen Spencer",
      "date_of_birth": "2016-07-07",
      "file": "academic/academic_calender/files/Banner.jpg"
    }
  }
]
